date,stock_code,action,price,shares
2023-10-10,605128.SH,BUY,16.1,141
2023-10-10,003041.SZ,BUY,15.36,147
2023-10-10,002360.SZ,BUY,6.74,336
2023-10-10,002899.SZ,BUY,15.12,149
2023-10-10,605319.SH,BUY,11.37,198
2023-10-10,003018.SZ,BUY,8.11,281
2023-10-10,003017.SZ,BUY,17.17,132
2023-10-10,600784.SH,BUY,5.98,376
2023-10-10,003038.SZ,BUY,24.28,93
2023-10-10,603150.SH,BUY,27.08,82
2023-10-10,605009.SH,BUY,27.22,82
2023-10-10,600502.SH,BUY,4.11,548
2023-10-10,605189.SH,BUY,11.57,194
2023-10-10,000521.SZ,BUY,5.53,407
2023-10-10,002732.SZ,BUY,20.87,108
2023-10-10,600419.SH,BUY,12.73,177
2023-10-10,600262.SH,BUY,12.22,185
2023-10-10,603380.SH,BUY,21.89,102
2023-10-10,603558.SH,BUY,7.36,304
2023-10-10,002391.SZ,BUY,6.19,364
2023-11-02,000521.SZ,SELL,5.25,407
2023-11-02,002391.SZ,SELL,6.09,364
2023-11-02,002732.SZ,SELL,19.39,108
2023-11-02,600419.SH,SELL,12.16,177
2023-11-02,600502.SH,SELL,4.02,548
2023-11-02,600784.SH,SELL,5.84,376
2023-11-02,603150.SH,SELL,27.07,82
2023-11-02,603380.SH,SELL,22.62,102
2023-11-02,603558.SH,SELL,8.04,304
2023-11-02,605009.SH,SELL,26.0,82
2023-11-02,605128.SH,SELL,16.33,141
2023-11-02,605319.SH,SELL,14.46,198
2023-11-02,603577.SH,BUY,8.87,254
2023-11-02,000417.SZ,BUY,4.53,501
2023-11-02,002774.SZ,BUY,6.98,328
2023-11-02,605189.SH,SELL,11.99,4
2023-11-02,003038.SZ,BUY,23.38,4
2023-11-02,002238.SZ,BUY,6.43,351
2023-11-02,600262.SH,BUY,12.02,3
2023-11-02,002360.SZ,BUY,6.75,1
2023-11-02,002899.SZ,SELL,15.99,6
2023-11-02,605268.SH,BUY,9.3,244
2023-11-02,605389.SH,BUY,17.99,126
2023-11-02,603639.SH,BUY,15.25,149
2023-11-02,003041.SZ,SELL,16.0,4
2023-11-02,603886.SH,BUY,16.03,139
2023-11-02,003018.SZ,SELL,8.2,4
2023-11-02,002768.SZ,BUY,14.09,159
2023-11-02,003017.SZ,SELL,17.52,2
2023-11-02,603012.SH,BUY,5.43,417
2023-11-02,601789.SH,BUY,4.01,563
2023-11-02,601020.SH,BUY,8.14,279
2023-12-04,000417.SZ,SELL,4.75,501
2023-12-04,002238.SZ,SELL,12.68,351
2023-12-04,002360.SZ,SELL,6.76,337
2023-12-04,002768.SZ,SELL,14.08,159
2023-12-04,003018.SZ,SELL,8.29,277
2023-12-04,003038.SZ,SELL,24.0,97
2023-12-04,600262.SH,SELL,13.49,188
2023-12-04,601020.SH,SELL,9.05,279
2023-12-04,601789.SH,SELL,4.08,563
2023-12-04,603012.SH,SELL,5.62,417
2023-12-04,603577.SH,SELL,9.14,254
2023-12-04,603639.SH,SELL,14.64,149
2023-12-04,605189.SH,SELL,12.57,190
2023-12-04,605268.SH,SELL,9.44,244
2023-12-04,605389.SH,SELL,18.51,126
2023-12-04,603269.SH,BUY,5.09,475
2023-12-04,605128.SH,BUY,16.1,150
2023-12-04,000090.SZ,BUY,4.63,521
2023-12-04,603709.SH,BUY,10.41,233
2023-12-04,000517.SZ,BUY,2.29,1055
2023-12-04,002749.SZ,BUY,7.63,315
2023-12-04,601366.SH,BUY,5.5,439
2023-12-04,600284.SH,BUY,5.87,410
2023-12-04,003017.SZ,BUY,17.74,5
2023-12-04,603886.SH,BUY,15.41,17
2023-12-04,003041.SZ,BUY,16.3,6
2023-12-04,605287.SH,BUY,17.08,141
2023-12-04,600168.SH,BUY,4.3,562
2023-12-04,002774.SZ,BUY,7.28,3
2023-12-04,600502.SH,BUY,3.96,607
2023-12-04,600480.SH,BUY,6.21,391
2023-12-04,603699.SH,BUY,12.23,198
2023-12-04,600828.SH,BUY,3.89,618
2023-12-04,002899.SZ,BUY,16.63,2
2023-12-04,605166.SH,BUY,9.55,251
2024-01-03,000090.SZ,SELL,4.09,521
2024-01-03,000517.SZ,SELL,2.15,1055
2024-01-03,002749.SZ,SELL,8.54,315
2024-01-03,002899.SZ,SELL,16.95,145
2024-01-03,003017.SZ,SELL,19.1,135
2024-01-03,600168.SH,SELL,4.68,562
2024-01-03,600284.SH,SELL,5.77,410
2024-01-03,600480.SH,SELL,6.53,391
2024-01-03,600502.SH,SELL,3.93,607
2024-01-03,600828.SH,SELL,3.69,618
2024-01-03,603709.SH,SELL,10.77,233
2024-01-03,605128.SH,SELL,17.61,150
2024-01-03,605287.SH,SELL,18.52,141
2024-01-03,003041.SZ,BUY,15.96,3
2024-01-03,605189.SH,BUY,12.53,194
2024-01-03,603176.SH,BUY,6.21,390
2024-01-03,605007.SH,BUY,14.15,173
2024-01-03,002774.SZ,SELL,7.82,9
2024-01-03,601366.SH,BUY,5.26,24
2024-01-03,603269.SH,BUY,4.78,31
2024-01-03,603699.SH,SELL,12.79,8
2024-01-03,002206.SZ,BUY,4.53,535
2024-01-03,003018.SZ,BUY,8.63,282
2024-01-03,603511.SH,BUY,13.99,173
2024-01-03,600785.SH,BUY,10.1,240
2024-01-03,603886.SH,BUY,15.02,6
2024-01-03,603585.SH,BUY,10.12,240
2024-01-03,603059.SH,BUY,22.56,107
2024-01-03,603639.SH,BUY,14.25,171
2024-01-03,603365.SH,BUY,11.96,203
2024-01-03,600210.SH,BUY,4.06,598
2024-01-03,603221.SH,BUY,10.04,241
2024-01-23,603269.SH,SELL,4.06,506
2024-02-01,003018.SZ,SELL,6.62,282
2024-02-01,605007.SH,SELL,11.25,173
2024-02-01,605166.SH,SELL,7.49,251
2024-02-01,605189.SH,SELL,9.81,194
2024-02-02,003041.SZ,SELL,12.22,152
2024-02-02,002206.SZ,SELL,3.65,535
2024-02-02,002774.SZ,SELL,5.74,322
2024-02-02,003041.SZ,SELL,12.22,152
2024-02-02,600210.SH,SELL,3.67,598
2024-02-02,600785.SH,SELL,9.85,240
2024-02-02,603059.SH,SELL,22.09,107
2024-02-02,603221.SH,SELL,9.75,241
2024-02-02,603365.SH,SELL,13.19,203
2024-02-02,603511.SH,SELL,11.8,173
2024-02-02,603585.SH,SELL,8.2,240
2024-02-02,603639.SH,SELL,11.95,171
2024-02-02,603699.SH,SELL,10.98,190
2024-02-02,603886.SH,SELL,13.56,162
2024-02-02,605006.SH,BUY,5.61,375
2024-02-02,002940.SZ,BUY,14.99,141
2024-02-02,603385.SH,BUY,6.27,334
2024-02-02,603928.SH,BUY,5.49,385
2024-02-02,605398.SH,BUY,15.34,137
2024-02-02,603790.SH,BUY,10.1,208
2024-02-02,002734.SZ,BUY,5.9,360
2024-02-02,605189.SH,BUY,9.67,219
2024-02-02,603181.SH,BUY,8.02,263
2024-02-02,603176.SH,BUY,5.05,27
2024-02-02,002950.SZ,BUY,7.34,288
2024-02-02,605058.SH,BUY,14.97,138
2024-02-02,603680.SH,BUY,7.23,294
2024-02-02,002346.SZ,BUY,8.48,251
2024-02-02,003008.SZ,BUY,14.38,147
2024-02-02,001230.SZ,BUY,10.72,198
2024-02-02,601366.SH,BUY,4.41,12
2024-02-02,605339.SH,BUY,15.27,138
2024-02-02,600938.SH,BUY,19.84,106
2024-02-02,605055.SH,BUY,5.17,405
2024-02-05,601366.SH,SELL,4.28,475
2024-02-05,603176.SH,SELL,4.7,417
2024-02-07,003008.SZ,SELL,11.33,147
2024-02-07,603385.SH,SELL,4.9,334
2024-02-07,603680.SH,SELL,5.86,294
2024-02-07,603790.SH,SELL,7.85,208
2024-02-07,605055.SH,SELL,3.97,405
2024-02-07,605398.SH,SELL,11.66,137
2024-02-08,001230.SZ,SELL,8.46,198
2024-02-08,603928.SH,SELL,4.16,385
2024-02-08,605006.SH,SELL,4.47,375
2024-03-04,002734.SZ,SELL,5.92,360
2024-03-04,002950.SZ,SELL,7.54,288
2024-03-04,600938.SH,SELL,22.73,106
2024-03-04,603181.SH,SELL,9.15,263
2024-03-04,605058.SH,SELL,16.16,138
2024-03-04,605189.SH,SELL,9.79,219
2024-03-04,605339.SH,SELL,15.62,138
2024-03-04,605006.SH,BUY,5.64,351
2024-03-04,002940.SZ,SELL,15.57,15
2024-03-04,603926.SH,BUY,8.46,232
2024-03-04,603176.SH,BUY,4.59,430
2024-03-04,603385.SH,BUY,5.65,348
2024-03-04,601728.SH,BUY,5.33,369
2024-03-04,001206.SZ,BUY,10.88,180
2024-03-04,603585.SH,BUY,8.03,243
2024-03-04,002631.SZ,BUY,4.68,420
2024-03-04,603216.SH,BUY,9.21,213
2024-03-04,001230.SZ,BUY,10.48,191
2024-03-04,603790.SH,BUY,9.48,208
2024-03-04,003018.SZ,BUY,6.27,315
2024-03-04,603976.SH,BUY,13.33,147
2024-03-04,603680.SH,BUY,7.28,270
2024-03-04,603311.SH,BUY,7.98,246
2024-03-04,603823.SH,BUY,7.18,275
2024-03-04,603578.SH,BUY,11.85,167
2024-03-04,002346.SZ,SELL,8.75,22
2024-03-04,603700.SH,BUY,10.31,192
2024-04-02,001206.SZ,SELL,12.05,180
2024-04-02,002346.SZ,SELL,9.28,229
2024-04-02,002631.SZ,SELL,5.16,420
2024-04-02,003018.SZ,SELL,6.68,315
2024-04-02,601728.SH,SELL,5.46,369
2024-04-02,603216.SH,SELL,9.91,213
2024-04-02,603311.SH,SELL,8.83,246
2024-04-02,603385.SH,SELL,6.02,348
2024-04-02,603578.SH,SELL,13.83,167
2024-04-02,603680.SH,SELL,7.76,270
2024-04-02,603790.SH,SELL,12.2,208
2024-04-02,603976.SH,SELL,14.93,147
2024-04-02,605006.SH,SELL,6.03,351
2024-04-02,603926.SH,SELL,11.72,38
2024-04-02,600784.SH,BUY,5.28,401
2024-04-02,605033.SH,BUY,14.89,141
2024-04-02,603585.SH,BUY,8.37,9
2024-04-02,002774.SZ,BUY,6.36,334
2024-04-02,605189.SH,BUY,10.41,203
2024-04-02,603022.SH,BUY,8.31,254
2024-04-02,001230.SZ,BUY,11.14,4
2024-04-02,002054.SZ,BUY,5.44,388
2024-04-02,002956.SZ,BUY,8.53,247
2024-04-02,603176.SH,SELL,4.98,1
2024-04-02,002940.SZ,BUY,16.09,5
2024-04-02,002062.SZ,BUY,3.95,536
2024-04-02,605287.SH,BUY,13.76,153
2024-04-02,600865.SH,BUY,6.74,314
2024-04-02,000417.SZ,BUY,4.39,484
2024-04-02,603823.SH,BUY,7.68,3
2024-04-02,605389.SH,BUY,15.8,133
2024-04-02,603115.SH,BUY,11.28,187
2024-04-17,603022.SH,SELL,6.6,254
2024-05-07,000417.SZ,SELL,4.51,484
2024-05-07,002062.SZ,SELL,4.06,536
2024-05-07,002774.SZ,SELL,6.67,334
2024-05-07,002940.SZ,SELL,17.32,131
2024-05-07,002956.SZ,SELL,9.75,247
2024-05-07,600784.SH,SELL,5.14,401
2024-05-07,600865.SH,SELL,7.62,314
2024-05-07,603115.SH,SELL,11.4,187
2024-05-07,603176.SH,SELL,4.72,429
2024-05-07,603585.SH,SELL,8.51,252
2024-05-07,603700.SH,SELL,10.65,192
2024-05-07,603823.SH,SELL,9.38,278
2024-05-07,603926.SH,SELL,9.52,194
2024-05-07,605033.SH,SELL,14.89,141
2024-05-07,605389.SH,SELL,16.94,133
2024-05-07,605287.SH,BUY,12.82,16
2024-05-07,600791.SH,BUY,3.6,543
2024-05-07,000882.SZ,BUY,1.43,1509
2024-05-07,000906.SZ,BUY,7.13,302
2024-05-07,600502.SH,BUY,4.18,518
2024-05-07,600742.SH,BUY,8.01,268
2024-05-07,603269.SH,BUY,5.29,395
2024-05-07,603386.SH,BUY,10.21,209
2024-05-07,605189.SH,BUY,10.08,11
2024-05-07,002054.SZ,SELL,6.05,30
2024-05-07,603577.SH,BUY,7.7,280
2024-05-07,001230.SZ,BUY,10.92,2
2024-05-07,603966.SH,BUY,5.89,368
2024-05-07,603101.SH,BUY,5.35,403
2024-05-07,601366.SH,BUY,4.9,440
2024-05-07,002783.SZ,BUY,7.97,270
2024-05-07,002098.SZ,BUY,5.79,373
2024-05-07,603999.SH,BUY,5.56,388
2024-05-07,603639.SH,BUY,14.17,154
2024-05-07,601789.SH,BUY,3.95,544
2024-06-04,000882.SZ,SELL,1.1,1509
2024-06-04,001230.SZ,SELL,10.41,197
2024-06-04,002054.SZ,SELL,5.41,358
2024-06-04,002098.SZ,SELL,5.71,373
2024-06-04,600742.SH,SELL,7.29,268
2024-06-04,600791.SH,SELL,3.46,543
2024-06-04,601366.SH,SELL,4.78,440
2024-06-04,601789.SH,SELL,3.65,544
2024-06-04,603101.SH,SELL,4.86,403
2024-06-04,603386.SH,SELL,9.65,209
2024-06-04,603577.SH,SELL,7.22,280
2024-06-04,603639.SH,SELL,12.69,154
2024-06-04,603966.SH,SELL,5.86,368
2024-06-04,603999.SH,SELL,5.06,388
2024-06-04,605287.SH,SELL,12.72,169
2024-06-04,605189.SH,BUY,9.23,7
2024-06-04,600502.SH,SELL,4.04,12
2024-06-04,002105.SZ,BUY,4.49,453
2024-06-04,000906.SZ,SELL,7.06,13
2024-06-04,605128.SH,BUY,12.67,160
2024-06-04,000153.SZ,BUY,5.6,365
2024-06-04,000090.SZ,BUY,3.86,527
2024-06-04,002083.SZ,BUY,4.14,490
2024-06-04,603165.SH,BUY,9.28,218
2024-06-04,605158.SH,BUY,6.27,327
2024-06-04,603922.SH,BUY,18.21,110
2024-06-04,002788.SZ,BUY,7.57,269
2024-06-04,603206.SH,BUY,12.88,156
2024-06-04,000589.SZ,BUY,5.47,374
2024-06-04,000912.SZ,BUY,3.8,533
2024-06-04,603269.SH,BUY,5.17,3
2024-06-04,600629.SH,BUY,3.91,525
2024-06-04,000928.SZ,BUY,5.54,368
2024-06-04,603829.SH,BUY,12.2,167
2024-06-07,605189.SH,SELL,8.22,221
2024-07-02,000090.SZ,SELL,3.69,527
2024-07-02,000153.SZ,SELL,5.28,365
2024-07-02,000589.SZ,SELL,4.9,374
2024-07-02,000928.SZ,SELL,5.22,368
2024-07-02,002083.SZ,SELL,3.91,490
2024-07-02,002105.SZ,SELL,4.13,453
2024-07-02,002783.SZ,SELL,7.27,270
2024-07-02,600502.SH,SELL,3.92,506
2024-07-02,600629.SH,SELL,3.64,525
2024-07-02,603165.SH,SELL,9.19,218
2024-07-02,603206.SH,SELL,12.57,156
2024-07-02,603269.SH,SELL,4.82,398
2024-07-02,603829.SH,SELL,13.96,167
2024-07-02,603922.SH,SELL,17.25,110
2024-07-02,605128.SH,SELL,12.38,160
2024-07-02,605158.SH,SELL,6.33,327
2024-07-02,605189.SH,BUY,8.07,236
2024-07-02,603909.SH,BUY,8.33,233
2024-07-02,601366.SH,BUY,4.35,447
2024-07-02,000906.SZ,BUY,6.47,9
2024-07-02,600396.SH,BUY,2.74,703
2024-07-02,600419.SH,BUY,7.85,246
2024-07-02,600858.SH,BUY,3.97,490
2024-07-02,603966.SH,BUY,5.0,385
2024-07-02,000972.SZ,BUY,2.26,855
2024-07-02,002206.SZ,BUY,3.63,532
2024-07-02,603577.SH,BUY,6.83,283
2024-07-02,000912.SZ,BUY,3.55,14
2024-07-02,000607.SZ,BUY,3.12,624
2024-07-02,601999.SH,BUY,5.2,370
2024-07-02,002788.SZ,BUY,7.15,2
2024-07-02,600480.SH,BUY,7.1,274
2024-07-02,002722.SZ,BUY,10.78,177
2024-07-02,002768.SZ,BUY,12.6,154
2024-07-02,002082.SZ,BUY,4.18,462
2024-07-02,002054.SZ,BUY,4.86,399
2024-08-02,000607.SZ,SELL,3.05,624
2024-08-02,000912.SZ,SELL,3.55,547
2024-08-02,000972.SZ,SELL,2.3,855
2024-08-02,002054.SZ,SELL,4.8,399
2024-08-02,002082.SZ,SELL,4.33,462
2024-08-02,002206.SZ,SELL,3.44,532
2024-08-02,002722.SZ,SELL,11.28,177
2024-08-02,002768.SZ,SELL,12.04,154
2024-08-02,600419.SH,SELL,7.5,246
2024-08-02,600480.SH,SELL,6.55,274
2024-08-02,601366.SH,SELL,4.89,447
2024-08-02,601999.SH,SELL,5.34,370
2024-08-02,603577.SH,SELL,6.73,283
2024-08-02,603909.SH,SELL,7.5,233
2024-08-02,001331.SZ,BUY,5.33,362
2024-08-02,000906.SZ,BUY,5.98,24
2024-08-02,605567.SH,BUY,7.42,260
2024-08-02,600396.SH,BUY,2.63,28
2024-08-02,605006.SH,BUY,4.2,457
2024-08-02,603161.SH,BUY,9.34,206
2024-08-02,002734.SZ,BUY,6.2,310
2024-08-02,603970.SH,BUY,12.03,160
2024-08-02,002574.SZ,BUY,4.07,471
2024-08-02,603038.SH,BUY,7.05,273
2024-08-02,603269.SH,BUY,4.16,463
2024-08-02,605189.SH,SELL,8.54,10
2024-08-02,000803.SZ,BUY,3.36,575
2024-08-02,000632.SZ,BUY,2.77,697
2024-08-02,603966.SH,BUY,4.78,17
2024-08-02,002441.SZ,BUY,6.67,288
2024-08-02,002788.SZ,BUY,6.91,8
2024-08-02,603387.SH,BUY,7.26,266
2024-08-02,603656.SH,BUY,10.24,187
2024-08-23,000906.SZ,SELL,5.46,322
2024-09-03,000803.SZ,SELL,3.3,575
2024-09-03,002441.SZ,SELL,5.88,288
2024-09-03,002734.SZ,SELL,6.57,310
2024-09-03,002788.SZ,SELL,6.75,279
2024-09-03,603038.SH,SELL,7.68,273
2024-09-03,603387.SH,SELL,7.13,266
2024-09-03,603966.SH,SELL,4.76,402
2024-09-03,603970.SH,SELL,11.8,160
2024-09-03,605006.SH,SELL,4.11,457
2024-09-03,001331.SZ,BUY,4.84,19
2024-09-03,600396.SH,BUY,2.24,98
2024-09-03,605567.SH,SELL,7.38,9
2024-09-03,603161.SH,BUY,8.39,15
2024-09-03,002846.SZ,BUY,6.49,283
2024-09-03,000632.SZ,BUY,2.57,29
2024-09-03,600448.SH,BUY,1.96,948
2024-09-03,603269.SH,BUY,3.68,40
2024-09-03,000692.SZ,BUY,2.87,645
2024-09-03,600408.SH,BUY,1.53,1222
2024-09-03,002574.SZ,SELL,4.04,12
2024-09-03,000906.SZ,BUY,4.65,389
2024-09-03,002921.SZ,BUY,9.38,198
2024-09-03,605189.SH,SELL,8.94,17
2024-09-03,003011.SZ,BUY,11.62,160
2024-09-03,600333.SH,BUY,3.79,490
2024-09-03,603656.SH,BUY,9.88,6
2024-09-03,600858.SH,BUY,3.69,14
2024-09-03,002383.SZ,BUY,5.47,337
2024-09-03,002187.SZ,BUY,4.16,447
2024-09-12,600396.SH,SELL,2.1,829
2024-10-09,000906.SZ,SELL,5.97,389
2024-10-09,001331.SZ,SELL,5.62,381
2024-10-09,002383.SZ,SELL,8.19,337
2024-10-09,002574.SZ,SELL,5.0,459
2024-10-09,002846.SZ,SELL,7.78,283
2024-10-09,003011.SZ,SELL,13.86,160
2024-10-09,600333.SH,SELL,4.66,490
2024-10-09,600408.SH,SELL,1.99,1222
2024-10-09,600858.SH,SELL,4.73,504
2024-10-09,603269.SH,SELL,4.5,503
2024-10-09,603656.SH,SELL,11.82,193
2024-10-09,605189.SH,SELL,10.63,209
2024-10-09,605567.SH,SELL,8.8,251
2024-10-09,603081.SH,BUY,10.25,217
2024-10-09,605138.SH,BUY,5.76,399
2024-10-09,000692.SZ,BUY,3.21,45
2024-10-09,002921.SZ,BUY,11.34,1
2024-10-09,002361.SZ,BUY,3.67,607
2024-10-09,605055.SH,BUY,5.05,443
2024-10-09,001211.SZ,BUY,12.7,176
2024-10-09,002102.SZ,BUY,2.77,805
2024-10-09,603777.SH,BUY,10.63,211
2024-10-09,000632.SZ,SELL,3.47,72
2024-10-09,603161.SH,SELL,10.47,3
2024-10-09,603020.SH,BUY,7.54,301
2024-10-09,603976.SH,BUY,16.86,135
2024-10-09,605389.SH,BUY,16.39,137
2024-10-09,600448.SH,SELL,2.6,96
2024-10-09,003016.SZ,BUY,7.44,294
2024-10-09,002187.SZ,SELL,5.37,35
2024-10-09,002054.SZ,BUY,5.55,408
2024-10-09,605288.SH,BUY,25.46,86
2024-10-09,001218.SZ,BUY,15.41,143
2024-11-04,000632.SZ,SELL,3.49,654
2024-11-04,000692.SZ,SELL,3.5,690
2024-11-04,001211.SZ,SELL,12.33,176
2024-11-04,002102.SZ,SELL,2.74,805
2024-11-04,002187.SZ,SELL,5.33,412
2024-11-04,002361.SZ,SELL,3.9,607
2024-11-04,002921.SZ,SELL,10.7,199
2024-11-04,003016.SZ,SELL,7.01,294
2024-11-04,600448.SH,SELL,2.63,852
2024-11-04,603020.SH,SELL,7.36,301
2024-11-04,603161.SH,SELL,9.72,218
2024-11-04,603777.SH,SELL,10.08,211
2024-11-04,603976.SH,SELL,15.73,135
2024-11-04,605288.SH,SELL,22.98,86
2024-11-04,605389.SH,BUY,15.23,6
2024-11-04,600531.SH,BUY,6.79,321
2024-11-04,605055.SH,SELL,5.04,10
2024-11-04,002282.SZ,BUY,6.49,335
2024-11-04,002083.SZ,BUY,4.75,456
2024-11-04,002054.SZ,BUY,5.22,6
2024-11-04,603759.SH,BUY,6.35,343
2024-11-04,600262.SH,BUY,13.28,164
2024-11-04,603216.SH,BUY,9.82,220
2024-11-04,600117.SH,BUY,2.82,771
2024-11-04,000928.SZ,BUY,6.01,361
2024-11-04,603081.SH,BUY,9.91,2
2024-11-04,600502.SH,BUY,4.34,502
2024-11-04,603926.SH,BUY,8.52,253
2024-11-04,600853.SH,BUY,3.7,594
2024-11-04,001218.SZ,BUY,14.81,4
2024-11-04,605100.SH,BUY,8.49,256
2024-11-04,605058.SH,BUY,18.72,116
2024-11-04,601728.SH,BUY,6.11,356
2024-12-03,000928.SZ,SELL,6.63,361
2024-12-03,001218.SZ,SELL,16.58,147
2024-12-03,002054.SZ,SELL,6.14,414
2024-12-03,002282.SZ,SELL,7.06,335
2024-12-03,600262.SH,SELL,13.55,164
2024-12-03,600502.SH,SELL,4.46,502
2024-12-03,600531.SH,SELL,6.58,321
2024-12-03,600853.SH,SELL,3.92,594
2024-12-03,601728.SH,SELL,6.16,356
2024-12-03,603081.SH,SELL,10.92,219
2024-12-03,603216.SH,SELL,10.69,220
2024-12-03,603759.SH,SELL,7.11,343
2024-12-03,605058.SH,SELL,19.82,116
2024-12-03,605100.SH,SELL,10.22,256
2024-12-03,600117.SH,BUY,2.73,73
2024-12-03,605138.SH,SELL,5.9,15
2024-12-03,002083.SZ,BUY,4.87,11
2024-12-03,603926.SH,SELL,9.47,11
2024-12-03,002724.SZ,BUY,5.83,391
2024-12-03,605389.SH,SELL,19.56,27
2024-12-03,600351.SH,BUY,5.95,383
2024-12-03,603680.SH,BUY,8.58,264
2024-12-03,600900.SH,BUY,25.8,88
2024-12-03,600513.SH,BUY,10.59,214
2024-12-03,002923.SZ,BUY,10.47,216
2024-12-03,603976.SH,BUY,18.11,124
2024-12-03,605055.SH,SELL,5.46,15
2024-12-03,603829.SH,BUY,14.52,155
2024-12-03,605255.SH,BUY,13.58,166
2024-12-03,000404.SZ,BUY,6.72,336
2024-12-03,600018.SH,BUY,5.43,418
2024-12-03,603578.SH,BUY,13.85,164
2024-12-03,605338.SH,BUY,16.15,140
2024-12-03,601288.SH,BUY,4.44,510
2025-01-03,600117.SH,SELL,2.21,844
2025-01-03,002923.SZ,SELL,9.29,216
2025-01-03,600018.SH,SELL,5.65,418
2025-01-03,600351.SH,SELL,5.43,383
2025-01-03,600513.SH,SELL,9.79,214
2025-01-03,600900.SH,SELL,27.28,88
2025-01-03,601288.SH,SELL,4.8,510
2025-01-03,603680.SH,SELL,7.84,264
2025-01-03,603926.SH,SELL,8.49,242
2025-01-03,603976.SH,SELL,15.4,124
2025-01-03,605338.SH,SELL,15.81,140
2025-01-03,605389.SH,SELL,19.17,116
2025-01-03,600117.SH,BUY,2.21,108
2025-01-03,605055.SH,BUY,4.86,12
2025-01-03,002083.SZ,SELL,4.62,10
2025-01-03,001218.SZ,BUY,16.01,130
2025-01-03,603758.SH,BUY,7.92,265
2025-01-03,603331.SH,BUY,8.81,238
2025-01-03,603829.SH,BUY,13.01,5
2025-01-03,600479.SH,BUY,9.63,217
2025-01-03,002574.SZ,BUY,4.69,448
2025-01-03,600853.SH,BUY,3.85,544
2025-01-03,603987.SH,BUY,6.75,311
2025-01-03,605255.SH,BUY,12.41,2
2025-01-03,002724.SZ,BUY,5.04,30
2025-01-03,603578.SH,BUY,11.73,15
2025-01-03,601177.SH,BUY,8.06,259
2025-01-03,601688.SH,BUY,16.48,127
2025-01-03,000404.SZ,SELL,6.71,23
2025-01-03,600356.SH,BUY,7.3,287
2025-01-03,605288.SH,BUY,23.54,89
2025-01-13,002724.SZ,SELL,4.55,421
2025-02-06,000404.SZ,SELL,6.63,313
2025-02-06,001218.SZ,SELL,15.53,130
2025-02-06,002574.SZ,SELL,4.54,448
2025-02-06,600356.SH,SELL,7.4,287
2025-02-06,600479.SH,SELL,9.54,217
2025-02-06,601688.SH,SELL,16.54,127
2025-02-06,603758.SH,SELL,10.33,265
2025-02-06,603829.SH,SELL,13.51,160
2025-02-06,603987.SH,SELL,6.97,311
2025-02-06,605288.SH,SELL,24.73,89
2025-02-06,600117.SH,BUY,2.14,889
2025-02-06,603331.SH,SELL,9.19,5
2025-02-06,605138.SH,BUY,5.54,1
2025-02-06,605055.SH,SELL,5.04,6
2025-02-06,002686.SZ,BUY,5.26,404
2025-02-06,603976.SH,BUY,15.88,134
2025-02-06,605255.SH,SELL,13.19,6
2025-02-06,601177.SH,SELL,9.02,23
2025-02-06,002083.SZ,BUY,4.56,9
2025-02-06,002724.SZ,BUY,4.65,459
2025-02-06,603578.SH,BUY,11.84,2
2025-02-06,603926.SH,BUY,9.24,232
2025-02-06,003018.SZ,BUY,7.78,274
2025-02-06,603022.SH,BUY,7.73,277
2025-02-06,600900.SH,BUY,26.69,80
2025-02-06,603059.SH,BUY,21.0,102
2025-02-06,601288.SH,BUY,4.78,447
2025-02-06,002923.SZ,BUY,9.75,218
2025-02-06,600853.SH,BUY,3.6,48
2025-02-06,001268.SZ,BUY,13.54,157
2025-03-04,001268.SZ,SELL,13.33,157
2025-03-04,002083.SZ,SELL,4.5,466
2025-03-04,002686.SZ,SELL,5.84,404
2025-03-04,002724.SZ,SELL,4.78,459
2025-03-04,002923.SZ,SELL,9.65,218
2025-03-04,003018.SZ,SELL,7.94,274
2025-03-04,600117.SH,SELL,2.17,997
2025-03-04,600853.SH,SELL,3.61,592
2025-03-04,600900.SH,SELL,25.49,80
2025-03-04,601177.SH,SELL,18.21,236
2025-03-04,601288.SH,SELL,4.83,447
2025-03-04,603331.SH,SELL,9.49,233
2025-03-04,603578.SH,SELL,12.73,181
2025-03-04,603926.SH,SELL,9.78,232
2025-03-04,603976.SH,SELL,16.83,134
2025-03-04,605055.SH,SELL,5.16,424
2025-03-04,605138.SH,SELL,5.74,385
2025-03-04,605255.SH,SELL,14.27,162
2025-03-04,600941.SH,BUY,99.13,23
2025-03-04,600883.SH,BUY,6.78,339
2025-03-04,603022.SH,BUY,7.69,20
2025-03-04,001238.SZ,BUY,23.05,100
2025-03-04,002890.SZ,BUY,10.35,220
2025-03-04,605500.SH,BUY,6.77,341
2025-03-04,603680.SH,BUY,8.1,283
2025-03-04,603159.SH,BUY,14.65,157
2025-03-04,603938.SH,BUY,11.05,207
2025-03-04,600519.SH,BUY,1398.97,1
2025-03-04,603059.SH,SELL,25.3,10
2025-03-04,603685.SH,BUY,12.4,183
2025-03-04,603182.SH,BUY,11.38,201
2025-03-04,603797.SH,BUY,3.9,591
2025-03-04,605089.SH,BUY,24.03,95
2025-03-04,605189.SH,BUY,9.68,238
2025-03-04,603151.SH,BUY,10.88,212
2025-03-04,603948.SH,BUY,17.26,133
2025-03-04,002864.SZ,BUY,20.08,114
2025-03-04,603351.SH,BUY,25.0,91
2025-04-02,001238.SZ,SELL,22.36,100
2025-04-02,002864.SZ,SELL,21.24,114
2025-04-02,002890.SZ,SELL,10.9,220
2025-04-02,600519.SH,SELL,1467.74,1
2025-04-02,600883.SH,SELL,6.88,339
2025-04-02,603022.SH,SELL,8.2,297
2025-04-02,603059.SH,SELL,23.76,92
2025-04-02,603151.SH,SELL,12.17,212
2025-04-02,603182.SH,SELL,11.57,201
2025-04-02,603351.SH,SELL,25.13,91
2025-04-02,603680.SH,SELL,8.07,283
2025-04-02,603685.SH,SELL,11.88,183
2025-04-02,603797.SH,SELL,3.95,591
2025-04-02,603938.SH,SELL,14.13,207
2025-04-02,605189.SH,SELL,9.95,238
2025-04-02,605500.SH,SELL,6.89,341
2025-04-02,605089.SH,BUY,23.17,5
2025-04-02,605099.SH,BUY,20.07,115
2025-04-02,605566.SH,BUY,17.99,128
2025-04-02,600682.SH,BUY,6.42,358
2025-04-02,600051.SH,BUY,6.65,350
2025-04-02,605138.SH,BUY,5.97,392
2025-04-02,603192.SH,BUY,18.93,130
2025-04-02,605339.SH,BUY,16.25,140
2025-04-02,603365.SH,BUY,13.79,167
2025-04-02,000652.SZ,BUY,3.83,601
2025-04-02,605268.SH,BUY,8.08,287
2025-04-02,603948.SH,BUY,17.06,3
2025-04-02,002127.SZ,BUY,3.73,616
2025-04-02,603159.SH,BUY,13.83,10
2025-04-02,600785.SH,BUY,7.91,293
2025-04-02,600770.SH,BUY,4.22,545
2025-04-02,000419.SZ,BUY,5.61,411
2025-04-02,603060.SH,BUY,6.85,338
2025-04-02,600256.SH,BUY,5.45,424
2025-04-09,603192.SH,SELL,14.54,130
2025-05-07,000419.SZ,SELL,5.39,411
2025-05-07,000652.SZ,SELL,3.76,601
2025-05-07,002127.SZ,SELL,4.39,616
2025-05-07,600051.SH,SELL,6.79,350
2025-05-07,600256.SH,SELL,5.24,424
2025-05-07,600682.SH,SELL,6.53,358
2025-05-07,600770.SH,SELL,4.2,545
2025-05-07,600785.SH,SELL,8.63,293
2025-05-07,600941.SH,SELL,106.08,23
2025-05-07,603060.SH,SELL,6.15,338
2025-05-07,603159.SH,SELL,14.44,167
2025-05-07,603365.SH,SELL,14.3,167
2025-05-07,603948.SH,SELL,17.1,136
2025-05-07,605089.SH,SELL,23.87,100
2025-05-07,605099.SH,SELL,20.34,115
2025-05-07,605138.SH,SELL,6.07,392
2025-05-07,605268.SH,SELL,7.87,287
2025-05-07,605339.SH,SELL,16.37,140
2025-05-07,603608.SH,BUY,4.88,460
2025-05-07,600303.SH,BUY,4.28,541
2025-05-07,002124.SZ,BUY,3.33,694
2025-05-07,603926.SH,BUY,10.37,220
2025-05-07,603976.SH,BUY,16.47,140
2025-05-07,603022.SH,BUY,8.44,272
2025-05-07,603017.SH,BUY,8.16,284
2025-05-07,603639.SH,BUY,12.49,185
2025-05-07,603052.SH,BUY,25.49,90
2025-05-07,603797.SH,BUY,4.14,556
2025-05-07,603685.SH,BUY,12.43,185
2025-05-07,603898.SH,BUY,9.96,231
2025-05-07,002873.SZ,BUY,8.84,262
2025-05-07,601512.SH,BUY,7.08,327
2025-05-07,002887.SZ,BUY,7.09,327
2025-05-07,002443.SZ,BUY,5.91,395
2025-05-07,605005.SH,BUY,15.89,145
2025-05-07,002722.SZ,BUY,14.0,165
2025-05-07,605566.SH,SELL,18.34,2
2025-05-07,603216.SH,BUY,12.08,191
2025-06-04,002124.SZ,SELL,3.03,694
2025-06-04,002443.SZ,SELL,5.99,395
2025-06-04,002722.SZ,SELL,15.1,165
2025-06-04,002873.SZ,SELL,9.41,262
2025-06-04,002887.SZ,SELL,7.5,327
2025-06-04,600303.SH,SELL,4.1,541
2025-06-04,603017.SH,SELL,10.0,284
2025-06-04,603022.SH,SELL,8.86,272
2025-06-04,603052.SH,SELL,25.93,90
2025-06-04,603216.SH,SELL,13.26,191
2025-06-04,603608.SH,SELL,5.28,460
2025-06-04,603639.SH,SELL,13.4,185
2025-06-04,603685.SH,SELL,12.98,185
2025-06-04,603898.SH,SELL,11.45,231
2025-06-04,603926.SH,SELL,12.31,220
2025-06-04,605005.SH,SELL,23.62,145
2025-06-04,605566.SH,SELL,19.52,126
2025-06-04,600229.SH,BUY,6.95,355
2025-06-04,603303.SH,BUY,11.18,220
2025-06-04,603282.SH,BUY,15.97,155
2025-06-04,600028.SH,BUY,5.4,455
2025-06-04,603365.SH,BUY,17.86,136
2025-06-04,601728.SH,BUY,7.58,325
2025-06-04,002942.SZ,BUY,16.25,151
2025-06-04,001218.SZ,BUY,16.98,145
2025-06-04,601512.SH,BUY,7.12,21
2025-06-04,603180.SH,BUY,18.45,133
2025-06-04,605089.SH,BUY,23.35,105
2025-06-04,603797.SH,BUY,4.44,5
2025-06-04,002748.SZ,BUY,8.94,276
2025-06-04,002830.SZ,BUY,10.05,244
2025-06-04,605399.SH,BUY,12.01,204
2025-06-04,600681.SH,BUY,3.27,753
2025-06-04,603323.SH,BUY,4.71,521
2025-06-04,603396.SH,BUY,23.89,103
2025-06-04,600620.SH,BUY,5.34,460
2025-07-02,002748.SZ,SELL,9.59,276
2025-07-02,002942.SZ,SELL,17.03,151
2025-07-02,600028.SH,SELL,5.46,455
2025-07-02,600229.SH,SELL,7.01,355
2025-07-02,600620.SH,SELL,5.49,460
2025-07-02,600681.SH,SELL,3.37,753
2025-07-02,603323.SH,SELL,4.93,521
2025-07-02,603365.SH,SELL,17.53,136
2025-07-02,603396.SH,SELL,25.74,103
2025-07-02,605089.SH,SELL,24.28,105
2025-07-02,605399.SH,SELL,12.54,204
2025-07-02,001388.SZ,BUY,36.17,61
2025-07-02,600190.SH,BUY,0.45,5928
2025-07-02,002424.SZ,BUY,5.82,447
2025-07-02,603303.SH,BUY,11.6,1
2025-07-02,600488.SH,BUY,4.19,607
2025-07-02,603282.SH,SELL,16.86,2
2025-07-02,001225.SZ,BUY,34.36,74
2025-07-02,603877.SH,BUY,14.34,178
2025-07-02,603797.SH,BUY,4.46,8
2025-07-02,605162.SH,BUY,7.48,341
2025-07-02,002830.SZ,SELL,10.81,8
2025-07-02,601728.SH,BUY,7.45,17
2025-07-02,601512.SH,BUY,7.01,15
2025-07-02,002790.SZ,BUY,7.28,350
2025-07-02,603385.SH,BUY,6.72,379
2025-07-02,601999.SH,BUY,6.83,373
2025-07-02,603898.SH,BUY,11.32,234
2025-07-02,603976.SH,BUY,18.28,1
2025-08-04,001218.SZ,SELL,18.41,145
2025-08-04,001225.SZ,SELL,41.22,74
2025-08-04,001388.SZ,SELL,29.97,61
2025-08-04,002424.SZ,SELL,6.83,447
2025-08-04,002790.SZ,SELL,7.58,350
2025-08-04,002830.SZ,SELL,11.4,236
2025-08-04,600488.SH,SELL,4.59,607
2025-08-04,601512.SH,SELL,7.51,363
2025-08-04,601728.SH,SELL,7.15,342
2025-08-04,601999.SH,SELL,7.17,373
2025-08-04,603180.SH,SELL,20.46,133
2025-08-04,603282.SH,SELL,18.24,153
2025-08-04,603303.SH,SELL,11.94,221
2025-08-04,603385.SH,SELL,7.09,379
2025-08-04,603797.SH,SELL,4.59,569
2025-08-04,603877.SH,SELL,14.02,178
2025-08-04,603976.SH,SELL,22.49,141
2025-08-04,605162.SH,SELL,8.59,341
2025-08-04,603909.SH,BUY,10.08,268
2025-08-04,603329.SH,BUY,12.06,225
2025-08-04,603602.SH,BUY,15.13,178
2025-08-04,603685.SH,BUY,15.5,172
2025-08-04,601686.SH,BUY,5.93,455
2025-08-04,000560.SZ,BUY,2.94,917
2025-08-04,600791.SH,BUY,5.0,543
2025-08-04,002343.SZ,BUY,8.2,331
2025-08-04,603898.SH,BUY,9.69,46
2025-08-04,002999.SZ,BUY,7.02,386
2025-08-04,600162.SH,BUY,1.67,1626
2025-08-04,002591.SZ,BUY,6.32,428
2025-08-04,603810.SH,BUY,16.12,168
2025-08-04,603205.SH,BUY,29.54,91
2025-08-04,001373.SZ,BUY,31.78,85
2025-08-04,002027.SZ,BUY,6.87,394
2025-08-04,600846.SH,BUY,10.1,268
2025-08-04,600512.SH,BUY,2.3,1181
2025-08-04,002788.SZ,BUY,8.35,324
2025-08-04,002012.SZ,BUY,6.16,457
2025-09-02,002012.SZ,SELL,5.8,457
2025-09-02,002027.SZ,SELL,8.16,394
2025-09-02,002591.SZ,SELL,5.9,428
2025-09-02,002788.SZ,SELL,8.2,324
2025-09-02,002999.SZ,SELL,6.79,386
2025-09-02,600512.SH,SELL,2.42,1181
2025-09-02,600791.SH,SELL,4.78,543
2025-09-02,600846.SH,SELL,10.94,268
2025-09-02,603898.SH,SELL,10.84,280
2025-09-02,603329.SH,BUY,11.6,17
2025-09-02,603909.SH,BUY,10.43,1
2025-09-02,603602.SH,SELL,16.8,11
2025-09-02,603042.SH,BUY,13.07,216
2025-09-02,001373.SZ,BUY,31.02,5
2025-09-02,601686.SH,BUY,5.62,43
2025-09-02,600162.SH,BUY,1.7,34
2025-09-02,603685.SH,SELL,19.21,26
2025-09-02,002331.SZ,BUY,8.43,331
2025-09-02,603331.SH,BUY,10.86,258
2025-09-02,603172.SH,BUY,16.9,166
2025-09-02,600082.SH,BUY,3.96,708
2025-09-02,601999.SH,BUY,7.15,388
2025-09-02,000586.SZ,BUY,12.66,220
2025-09-02,603122.SH,BUY,6.75,417
2025-09-02,600287.SH,BUY,6.12,459
2025-09-02,603810.SH,BUY,15.23,16
2025-10-10,000586.SZ,SELL,13.68,220
2025-10-10,001373.SZ,SELL,29.97,90
2025-10-10,002343.SZ,SELL,7.85,331
2025-10-10,600162.SH,SELL,2.09,1660
2025-10-10,600287.SH,SELL,5.57,459
2025-10-10,601686.SH,SELL,6.06,498
2025-10-10,601999.SH,SELL,6.77,388
2025-10-10,603172.SH,SELL,18.31,166
2025-10-10,603205.SH,SELL,28.22,91
2025-10-10,603602.SH,SELL,14.78,167
2025-10-10,603810.SH,SELL,16.14,184
2025-10-10,603042.SH,BUY,12.0,14
2025-10-10,002331.SZ,BUY,8.16,9
2025-10-10,002790.SZ,BUY,7.25,385
2025-10-10,603729.SH,BUY,16.52,168
2025-10-10,603682.SH,BUY,5.43,509
2025-10-10,002952.SZ,BUY,18.4,150
2025-10-10,603331.SH,SELL,11.25,10
2025-10-10,600391.SH,BUY,28.1,98
2025-10-10,600082.SH,SELL,4.1,35
2025-10-10,603768.SH,BUY,12.16,228
2025-10-10,603685.SH,BUY,17.69,10
2025-10-10,600241.SH,BUY,8.16,338
2025-10-10,603122.SH,BUY,6.39,17
2025-10-10,603898.SH,BUY,9.94,278
2025-10-10,000789.SZ,BUY,5.83,475
2025-10-10,603329.SH,BUY,11.04,9
2025-10-10,002919.SZ,BUY,14.95,184
2025-10-10,001322.SZ,BUY,8.1,343
2025-11-04,000789.SZ,SELL,5.56,475
2025-11-04,600391.SH,SELL,26.61,98
2025-11-04,603042.SH,SELL,12.14,230
2025-11-04,603122.SH,SELL,11.85,434
2025-11-04,603329.SH,SELL,11.73,251
2025-11-04,603331.SH,SELL,12.07,248
2025-11-04,603682.SH,SELL,5.75,509
2025-11-04,603898.SH,SELL,10.98,278
2025-11-04,603768.SH,BUY,12.34,17
2025-11-04,603797.SH,BUY,4.79,628
2025-11-04,002790.SZ,SELL,10.71,109
2025-11-04,603661.SH,BUY,33.33,90
2025-11-04,002743.SZ,BUY,5.59,540
2025-11-04,603685.SH,SELL,20.91,11
2025-11-04,002331.SZ,BUY,8.79,2
2025-11-04,603017.SH,BUY,9.87,304
2025-11-04,603729.SH,BUY,17.69,3
2025-11-04,600082.SH,SELL,4.78,45
2025-11-04,605167.SH,BUY,10.99,273
2025-11-04,001322.SZ,BUY,8.03,31
2025-11-04,603909.SH,SELL,11.99,23
2025-11-04,603976.SH,BUY,19.65,151
2025-11-04,000560.SZ,BUY,2.88,125
2025-11-04,603333.SH,BUY,8.19,367
2025-11-04,002919.SZ,SELL,17.91,14
2025-11-04,603326.SH,BUY,8.66,347
2025-12-02,000560.SZ,SELL,3.08,1042
2025-12-02,001322.SZ,SELL,8.62,374
2025-12-02,002331.SZ,SELL,9.52,342
2025-12-02,002743.SZ,SELL,5.53,540
2025-12-02,002790.SZ,SELL,8.93,276
2025-12-02,002919.SZ,SELL,23.09,170
2025-12-02,002952.SZ,SELL,22.35,150
2025-12-02,600082.SH,SELL,4.74,628
2025-12-02,600241.SH,SELL,9.31,338
2025-12-02,603017.SH,SELL,10.66,304
2025-12-02,603326.SH,SELL,9.05,347
2025-12-02,603333.SH,SELL,7.85,367
2025-12-02,603661.SH,SELL,33.19,90
2025-12-02,603685.SH,SELL,21.3,145
2025-12-02,603729.SH,SELL,17.61,171
2025-12-02,603768.SH,SELL,12.1,245
2025-12-02,603909.SH,SELL,12.88,246
2025-12-02,603976.SH,SELL,21.3,151
2025-12-02,605167.SH,SELL,10.25,273
2025-12-02,001238.SZ,BUY,36.62,81
2025-12-02,603385.SH,BUY,7.17,417
2025-12-02,603303.SH,BUY,12.98,229
2025-12-02,603879.SH,BUY,5.84,515
2025-12-02,600941.SH,BUY,104.52,28
2025-12-02,600847.SH,BUY,12.26,244
2025-12-02,601628.SH,BUY,43.25,69
2025-12-02,600287.SH,BUY,5.82,514
2025-12-02,001328.SZ,BUY,35.45,84
2025-12-02,601398.SH,BUY,7.77,386
2025-12-02,605007.SH,BUY,11.76,255
2025-12-02,600519.SH,BUY,1390.84,2
2025-12-02,001256.SZ,BUY,21.66,137
2025-12-02,603073.SH,BUY,18.91,158
2025-12-02,603023.SH,BUY,4.45,674
2025-12-02,603797.SH,SELL,4.83,7
2025-12-02,603895.SH,BUY,29.99,99
2025-12-02,001336.SZ,BUY,19.85,151
2025-12-02,605158.SH,BUY,8.24,362
2025-12-02,601318.SH,BUY,56.89,52
2026-01-06,001238.SZ,SELL,36.19,81
2026-01-06,001256.SZ,SELL,22.11,137
2026-01-06,001328.SZ,SELL,38.21,84
2026-01-06,001336.SZ,SELL,19.43,151
2026-01-06,600287.SH,SELL,5.49,514
2026-01-06,600519.SH,SELL,1399.43,2
2026-01-06,600847.SH,SELL,11.7,244
2026-01-06,600941.SH,SELL,98.37,28
2026-01-06,601318.SH,SELL,70.05,52
2026-01-06,601398.SH,SELL,7.63,386
2026-01-06,601628.SH,SELL,47.47,69
2026-01-06,603023.SH,SELL,5.15,674
2026-01-06,603073.SH,SELL,19.28,158
2026-01-06,603303.SH,SELL,12.98,229
2026-01-06,603385.SH,SELL,6.8,417
2026-01-06,603797.SH,SELL,4.87,621
2026-01-06,603879.SH,SELL,7.2,515
2026-01-06,603895.SH,SELL,28.9,99
2026-01-06,605007.SH,SELL,13.27,255
2026-01-06,605158.SH,SELL,7.91,362
2026-01-06,002598.SZ,BUY,9.25,319
2026-01-06,600853.SH,BUY,4.29,705
2026-01-06,002743.SZ,BUY,5.49,553
2026-01-06,600502.SH,BUY,4.44,682
2026-01-06,000928.SZ,BUY,6.21,487
2026-01-06,603018.SH,BUY,6.24,484
2026-01-06,600496.SH,BUY,3.89,773
2026-01-06,601886.SH,BUY,7.9,385
2026-01-06,002061.SZ,BUY,3.9,777
2026-01-06,000065.SZ,BUY,11.72,257
2026-01-06,002135.SZ,BUY,4.74,637
2026-01-06,601096.SH,BUY,4.16,725
2026-01-06,603637.SH,BUY,10.77,281
2026-01-06,002628.SZ,BUY,4.12,736
2026-01-06,002761.SZ,BUY,8.64,351
2026-01-06,002051.SZ,BUY,8.61,351
2026-01-06,603357.SH,BUY,8.06,377
2026-01-06,603860.SH,BUY,30.1,100
2026-01-06,002375.SZ,BUY,3.9,775
2026-01-06,002323.SZ,BUY,1.65,1833
2026-02-03,000065.SZ,SELL,12.27,257
2026-02-03,000928.SZ,SELL,6.46,487
2026-02-03,002051.SZ,SELL,8.54,351
2026-02-03,002061.SZ,SELL,3.96,777
2026-02-03,002135.SZ,SELL,6.18,637
2026-02-03,002323.SZ,SELL,1.69,1833
2026-02-03,002375.SZ,SELL,4.01,775
2026-02-03,002598.SZ,SELL,9.73,319
2026-02-03,002628.SZ,SELL,4.4,736
2026-02-03,002743.SZ,SELL,5.61,553
2026-02-03,002761.SZ,SELL,8.36,351
2026-02-03,600496.SH,SELL,4.3,773
2026-02-03,600502.SH,SELL,4.47,682
2026-02-03,601096.SH,SELL,5.48,725
2026-02-03,601886.SH,SELL,9.05,385
2026-02-03,603018.SH,SELL,6.46,484
2026-02-03,603357.SH,SELL,8.1,377
2026-02-03,603637.SH,SELL,12.07,281
2026-02-03,603860.SH,SELL,32.26,100
2026-02-03,002933.SZ,BUY,35.04,89
2026-02-03,601728.SH,BUY,5.66,554
2026-02-03,002111.SZ,BUY,10.22,310
2026-02-03,002023.SZ,BUY,11.97,266
2026-02-03,600862.SH,BUY,23.6,134
2026-02-03,601890.SH,BUY,10.28,308
2026-02-03,000733.SZ,BUY,54.11,58
2026-02-03,600038.SH,BUY,35.8,88
2026-02-03,600941.SH,BUY,90.62,34
2026-02-03,002415.SZ,BUY,30.9,101
2026-02-03,600300.SH,BUY,3.63,868
2026-02-03,002179.SZ,BUY,33.93,93
2026-02-03,002297.SZ,BUY,11.7,271
2026-02-03,600685.SH,BUY,30.99,102
2026-02-03,000576.SZ,BUY,10.41,303
2026-02-03,600764.SH,BUY,26.41,119
2026-02-03,002935.SZ,BUY,21.66,146
2026-02-03,605058.SH,BUY,29.88,105
2026-02-03,600853.SH,BUY,4.29,33
2026-02-03,601002.SH,BUY,5.48,576
2026-03-03,000576.SZ,SELL,11.45,303
2026-03-03,000733.SZ,SELL,56.78,58
2026-03-03,002111.SZ,SELL,10.8,310
2026-03-03,002179.SZ,SELL,36.01,93
2026-03-03,002297.SZ,SELL,13.53,271
2026-03-03,002935.SZ,SELL,21.55,146
2026-03-03,600038.SH,SELL,38.35,88
2026-03-03,600300.SH,SELL,3.55,868
2026-03-03,600685.SH,SELL,36.83,102
2026-03-03,600764.SH,SELL,29.59,119
2026-03-03,600862.SH,SELL,26.72,134
2026-03-03,601002.SH,SELL,5.42,576
2026-03-03,601890.SH,SELL,12.84,308
2026-03-03,605058.SH,SELL,31.88,105
2026-03-03,605369.SH,BUY,18.09,185
2026-03-03,600941.SH,BUY,93.57,2
2026-03-03,603351.SH,BUY,25.98,129
2026-03-03,601728.SH,BUY,5.78,29
2026-03-03,605259.SH,BUY,21.24,159
2026-03-03,603700.SH,BUY,13.67,248
2026-03-03,603382.SH,BUY,29.85,112
2026-03-03,601999.SH,BUY,7.22,467
2026-03-03,002933.SZ,BUY,36.8,2
2026-03-03,601857.SH,BUY,11.97,290
2026-03-03,600847.SH,BUY,13.86,244
2026-03-03,603839.SH,BUY,7.88,428
2026-03-03,001308.SZ,BUY,20.68,163
2026-03-03,002023.SZ,BUY,12.24,9
2026-03-03,603303.SH,BUY,15.08,223
2026-03-03,600853.SH,BUY,4.2,63
2026-03-03,603966.SH,BUY,11.06,333
2026-03-03,002415.SZ,BUY,30.48,9
2026-03-03,000789.SZ,BUY,5.56,604
2026-03-03,001229.SZ,BUY,25.56,131
2026-03-18,603966.SH,SELL,8.78,333
2026-04-02,000789.SZ,SELL,5.14,604
2026-04-02,001229.SZ,SELL,25.27,131
2026-04-02,002023.SZ,SELL,10.3,275
2026-04-02,002933.SZ,SELL,32.78,91
2026-04-02,600847.SH,SELL,12.88,244
2026-04-02,600853.SH,SELL,3.92,801
2026-04-02,601857.SH,SELL,11.86,290
2026-04-02,601999.SH,SELL,7.92,467
2026-04-02,603382.SH,SELL,27.22,112
2026-04-02,603700.SH,SELL,13.11,248
2026-04-02,603839.SH,SELL,7.59,428
2026-04-02,605259.SH,SELL,21.27,159
2026-04-02,002577.SZ,BUY,15.54,208
2026-04-02,605138.SH,BUY,6.81,476
2026-04-02,601728.SH,SELL,5.61,4
2026-04-02,605369.SH,SELL,17.59,1
2026-04-02,603006.SH,BUY,12.51,256
2026-04-02,603339.SH,BUY,12.69,254
2026-04-02,603385.SH,BUY,6.72,480
2026-04-02,002415.SZ,SELL,30.03,1
2026-04-02,600846.SH,BUY,12.21,263
2026-04-02,603041.SH,BUY,12.65,255
2026-04-02,603877.SH,BUY,13.81,234
2026-04-02,603587.SH,BUY,12.46,261
2026-04-02,603976.SH,BUY,20.16,160
2026-04-02,605158.SH,BUY,7.51,431
2026-04-02,000055.SZ,BUY,3.63,886
2026-04-02,605008.SH,BUY,12.39,261
2026-04-02,603351.SH,SELL,26.18,4
2026-05-07,000055.SZ,SELL,3.73,886
2026-05-07,001308.SZ,SELL,20.0,163
2026-05-07,002415.SZ,SELL,35.11,109
2026-05-07,002577.SZ,SELL,17.55,208
2026-05-07,600846.SH,SELL,12.86,263
2026-05-07,601728.SH,SELL,5.86,579
2026-05-07,603006.SH,SELL,13.44,256
2026-05-07,603041.SH,SELL,13.93,255
2026-05-07,603303.SH,SELL,17.93,223
2026-05-07,603339.SH,SELL,13.68,254
2026-05-07,603385.SH,SELL,6.66,480
2026-05-07,603587.SH,SELL,13.19,261
2026-05-07,603877.SH,SELL,13.75,234
2026-05-07,603976.SH,SELL,21.09,160
2026-05-07,605138.SH,SELL,7.72,476
2026-05-07,605158.SH,SELL,8.18,431
2026-05-07,605369.SH,SELL,19.91,184
2026-05-07,002742.SZ,BUY,4.75,721
2026-05-07,603277.SH,BUY,12.8,266
2026-05-07,603096.SH,BUY,17.67,192
2026-05-07,603208.SH,BUY,13.82,247
2026-05-07,603180.SH,BUY,18.51,184
2026-05-07,605008.SH,BUY,12.2,18
2026-05-07,600229.SH,BUY,6.27,542
2026-05-07,600938.SH,BUY,36.58,90
2026-05-07,601857.SH,BUY,11.33,294
2026-05-07,603768.SH,BUY,12.0,283
2026-05-07,603839.SH,BUY,8.04,425
2026-05-07,605339.SH,BUY,16.19,210
2026-05-07,603262.SH,BUY,25.91,131
2026-05-07,603351.SH,BUY,26.88,1
2026-05-07,600182.SH,BUY,13.2,252
2026-05-07,603066.SH,BUY,11.56,291
2026-05-07,600287.SH,BUY,5.87,579
2026-05-07,603235.SH,BUY,25.26,134
2026-05-07,601899.SH,BUY,34.33,101
2026-06-02,600182.SH,SELL,13.64,252
2026-06-02,600229.SH,SELL,5.96,542
2026-06-02,600287.SH,SELL,5.32,579
2026-06-02,600938.SH,SELL,34.6,90
2026-06-02,601899.SH,SELL,29.91,101
2026-06-02,603066.SH,SELL,11.28,291
2026-06-02,603096.SH,SELL,16.73,192
2026-06-02,603208.SH,SELL,13.13,247
2026-06-02,603235.SH,SELL,23.89,134
2026-06-02,603262.SH,SELL,27.09,131
2026-06-02,603277.SH,SELL,11.81,266
2026-06-02,603351.SH,SELL,25.41,126
2026-06-02,603768.SH,SELL,11.55,283
2026-06-02,603839.SH,SELL,7.21,425
2026-06-02,605008.SH,SELL,11.32,279
2026-06-02,605339.SH,SELL,14.42,210
2026-06-02,002742.SZ,BUY,4.35,30
2026-06-02,600941.SH,SELL,96.73,2
2026-06-02,001323.SZ,BUY,20.07,160
2026-06-02,002749.SZ,BUY,9.42,342
2026-06-02,601138.SH,BUY,75.0,43
2026-06-02,603385.SH,BUY,6.01,535
2026-06-02,603230.SH,BUY,9.98,323
2026-06-02,601857.SH,BUY,10.58,13
2026-06-02,603176.SH,BUY,5.35,603
2026-06-02,603273.SH,BUY,15.39,211
2026-06-02,603321.SH,BUY,6.83,471
2026-06-02,603877.SH,BUY,13.67,238
2026-06-02,603350.SH,BUY,31.02,103
2026-06-02,002790.SZ,BUY,6.55,493
2026-06-02,605169.SH,BUY,11.65,277
2026-06-02,002700.SZ,BUY,7.84,422
2026-06-02,002890.SZ,BUY,15.6,207
2026-06-02,603382.SH,BUY,21.9,147
2026-06-02,603065.SH,BUY,7.69,420
2026-06-18,002742.SZ,SELL,3.58,751
2026-06-18,603180.SH,SELL,14.68,184
2026-06-25,605169.SH,SELL,9.26,277
2026-06-26,601857.SH,SELL,8.96,307
2026-06-29,001323.SZ,SELL,15.8,160
2026-06-29,603382.SH,SELL,17.3,147
2026-07-01,002700.SZ,SELL,6.18,422
2026-07-02,002749.SZ,SELL,8.06,342
2026-07-02,002790.SZ,SELL,5.5,493
2026-07-02,002890.SZ,SELL,15.0,207
2026-07-02,603065.SH,SELL,18.0,420
2026-07-02,603176.SH,SELL,4.4,603
2026-07-02,603230.SH,SELL,8.82,323
2026-07-02,603273.SH,SELL,13.7,211
2026-07-02,603321.SH,SELL,5.85,471
2026-07-02,603350.SH,SELL,31.22,103
2026-07-02,603385.SH,SELL,5.07,535
2026-07-02,603877.SH,SELL,12.21,238
2026-07-02,600777.SH,BUY,4.24,724
2026-07-02,001399.SZ,BUY,42.73,67
2026-07-02,603235.SH,BUY,22.64,138
2026-07-02,600941.SH,BUY,86.62,2
2026-07-02,601857.SH,BUY,8.6,359
2026-07-02,603205.SH,BUY,20.56,151
2026-07-02,000869.SZ,BUY,15.82,198
2026-07-02,601088.SH,BUY,38.83,81
2026-07-02,600938.SH,BUY,26.05,118
2026-07-02,601138.SH,BUY,67.46,1
2026-07-02,002200.SZ,BUY,6.45,475
2026-07-02,001323.SZ,BUY,16.36,191
2026-07-02,603511.SH,BUY,11.78,265
2026-07-02,601728.SH,BUY,5.28,595
2026-07-02,002594.SZ,BUY,81.9,38
2026-07-02,601398.SH,BUY,7.03,444
2026-07-02,002475.SZ,BUY,64.39,47
2026-07-02,601288.SH,BUY,6.06,518
2026-07-02,002371.SZ,BUY,869.22,3
2026-07-02,600028.SH,BUY,4.54,691
2026-07-14,001399.SZ,SELL,32.5,67
2026-07-20,002371.SZ,SELL,704.0,3
2026-07-20,601138.SH,SELL,58.88,44
