date,stock_code,action,price,shares
2020-01-03,002972.SZ,BUY,14.87,166
2020-01-03,002970.SZ,BUY,66.95,35
2020-01-03,603886.SH,BUY,12.5,180
2020-01-03,002607.SZ,BUY,18.16,124
2020-01-03,002379.SZ,BUY,3.71,608
2020-01-03,600618.SH,BUY,6.49,346
2020-01-03,601900.SH,BUY,7.56,298
2020-01-03,600587.SH,BUY,10.22,219
2020-01-03,002837.SZ,BUY,3.91,574
2020-01-03,002869.SZ,BUY,41.12,54
2020-01-03,600757.SH,BUY,4.65,483
2020-01-03,002221.SZ,BUY,7.4,304
2020-01-03,600897.SH,BUY,14.53,155
2020-01-03,002884.SZ,BUY,7.0,321
2020-01-03,000885.SZ,BUY,9.12,246
2020-01-03,002190.SZ,BUY,21.98,103
2020-01-03,601233.SH,BUY,14.27,157
2020-01-03,600340.SH,BUY,21.03,107
2020-01-03,600643.SH,BUY,8.58,264
2020-01-03,600901.SH,BUY,3.18,708
2020-02-04,002607.SZ,SELL,14.3,124
2020-02-04,600340.SH,SELL,16.74,107
2020-02-04,600643.SH,SELL,6.96,264
2020-02-04,600757.SH,SELL,3.92,483
2020-02-04,600901.SH,SELL,2.55,708
2020-02-04,601233.SH,SELL,11.6,157
2020-02-04,603886.SH,SELL,9.86,180
2020-02-04,000885.SZ,SELL,7.85,246
2020-02-04,002190.SZ,SELL,22.56,103
2020-02-04,002221.SZ,SELL,8.29,304
2020-02-04,002837.SZ,SELL,5.3,574
2020-02-04,002869.SZ,SELL,33.51,54
2020-02-04,002970.SZ,SELL,54.86,35
2020-02-04,002972.SZ,SELL,11.71,166
2020-02-04,600340.SH,SELL,16.74,107
2020-02-04,601233.SH,SELL,11.6,157
2020-02-04,000719.SZ,BUY,5.16,426
2020-02-04,601900.SH,BUY,6.71,21
2020-02-04,000933.SZ,BUY,3.17,616
2020-02-04,002607.SZ,BUY,14.3,20
2020-02-04,600757.SH,BUY,3.92,65
2020-02-04,002379.SZ,SELL,3.45,20
2020-02-04,603886.SH,BUY,9.86,23
2020-02-04,002179.SZ,BUY,18.24,119
2020-02-04,600587.SH,SELL,13.44,55
2020-02-04,600618.SH,SELL,7.46,58
2020-02-04,002818.SZ,BUY,7.11,287
2020-02-04,600901.SH,BUY,2.55,107
2020-02-04,600897.SH,BUY,11.13,19
2020-02-04,002102.SZ,BUY,2.05,1000
2020-02-04,603086.SH,BUY,4.91,439
2020-02-04,600589.SH,BUY,3.27,595
2020-02-04,002884.SZ,BUY,6.32,14
2020-02-04,600643.SH,BUY,6.96,36
2020-02-04,002746.SZ,BUY,6.57,295
2020-02-04,000065.SZ,BUY,5.8,350
2020-03-03,000065.SZ,SELL,7.11,350
2020-03-03,000719.SZ,SELL,5.76,426
2020-03-03,002379.SZ,SELL,4.11,588
2020-03-03,002607.SZ,SELL,21.85,20
2020-03-03,002746.SZ,SELL,8.74,295
2020-03-03,002818.SZ,SELL,8.12,287
2020-03-03,002884.SZ,SELL,8.27,335
2020-03-03,600587.SH,SELL,12.75,164
2020-03-03,600589.SH,SELL,4.95,595
2020-03-03,600618.SH,SELL,7.75,288
2020-03-03,600643.SH,SELL,7.72,36
2020-03-03,600757.SH,SELL,4.16,65
2020-03-03,600897.SH,SELL,12.67,174
2020-03-03,600901.SH,SELL,2.79,107
2020-03-03,601900.SH,SELL,8.66,319
2020-03-03,603086.SH,SELL,5.26,439
2020-03-03,603893.SH,BUY,68.33,36
2020-03-03,603290.SH,BUY,85.48,29
2020-03-03,601696.SH,BUY,11.31,222
2020-03-03,603719.SH,BUY,28.0,89
2020-03-03,002975.SZ,BUY,58.32,39
2020-03-03,600276.SH,BUY,58.68,39
2020-03-03,600085.SH,BUY,24.86,92
2020-03-03,002727.SZ,BUY,19.95,116
2020-03-03,600265.SH,BUY,21.41,107
2020-03-03,600593.SH,BUY,39.45,57
2020-03-03,603222.SH,BUY,37.21,61
2020-03-03,603096.SH,BUY,36.66,63
2020-03-03,000933.SZ,BUY,3.72,8
2020-03-03,002179.SZ,SELL,20.48,5
2020-03-03,603233.SH,BUY,23.63,97
2020-03-03,002869.SZ,BUY,52.64,45
2020-03-03,002275.SZ,BUY,11.12,206
2020-03-03,002102.SZ,BUY,2.08,106
2020-03-03,603886.SH,BUY,11.28,182
2020-03-03,002512.SZ,BUY,6.45,364
2020-03-17,002512.SZ,SELL,5.43,364
2020-03-17,002869.SZ,SELL,41.84,45
2020-03-25,603893.SH,SELL,57.38,36
2020-04-02,002102.SZ,SELL,2.17,1106
2020-04-02,002179.SZ,SELL,17.54,114
2020-04-02,002275.SZ,SELL,9.88,206
2020-04-02,002727.SZ,SELL,22.79,116
2020-04-02,002975.SZ,SELL,59.36,39
2020-04-02,600085.SH,SELL,23.31,92
2020-04-02,600265.SH,SELL,20.82,107
2020-04-02,600276.SH,SELL,61.25,39
2020-04-02,600593.SH,SELL,39.45,57
2020-04-02,601696.SH,SELL,21.13,222
2020-04-02,603096.SH,SELL,35.42,63
2020-04-02,603222.SH,SELL,37.16,61
2020-04-02,603233.SH,SELL,25.86,97
2020-04-02,603290.SH,SELL,84.42,29
2020-04-02,603719.SH,SELL,56.55,89
2020-04-02,002977.SZ,BUY,49.25,49
2020-04-02,600566.SH,BUY,16.81,146
2020-04-02,000933.SZ,BUY,3.29,125
2020-04-02,000885.SZ,BUY,8.3,298
2020-04-02,002869.SZ,BUY,38.22,65
2020-04-02,002161.SZ,BUY,8.98,275
2020-04-02,002600.SZ,BUY,7.93,308
2020-04-02,600587.SH,BUY,12.03,205
2020-04-02,002045.SZ,BUY,8.47,292
2020-04-02,002818.SZ,BUY,7.93,312
2020-04-02,603886.SH,BUY,11.72,5
2020-04-02,600897.SH,BUY,11.34,217
2020-04-02,600626.SH,BUY,4.92,498
2020-04-02,002190.SZ,BUY,20.89,115
2020-04-02,002607.SZ,BUY,21.82,113
2020-04-02,600643.SH,BUY,6.93,356
2020-04-02,601601.SH,BUY,21.86,112
2020-04-02,002911.SZ,BUY,4.62,533
2020-04-02,603985.SH,BUY,6.82,366
2020-04-02,002884.SZ,BUY,7.36,338
2020-04-30,002977.SZ,SELL,40.91,49
2020-05-07,000885.SZ,SELL,8.09,298
2020-05-07,000933.SZ,SELL,3.21,749
2020-05-07,002045.SZ,SELL,8.62,292
2020-05-07,002190.SZ,SELL,18.18,115
2020-05-07,002607.SZ,SELL,25.2,113
2020-05-07,002818.SZ,SELL,7.81,312
2020-05-07,002884.SZ,SELL,8.18,338
2020-05-07,002911.SZ,SELL,5.61,533
2020-05-07,600587.SH,SELL,11.13,205
2020-05-07,600626.SH,SELL,4.91,498
2020-05-07,600643.SH,SELL,6.93,356
2020-05-07,600897.SH,SELL,11.42,217
2020-05-07,601601.SH,SELL,24.02,112
2020-05-07,603985.SH,SELL,7.14,366
2020-05-07,002983.SZ,BUY,16.45,167
2020-05-07,002985.SZ,BUY,18.94,145
2020-05-07,002982.SZ,BUY,30.25,78
2020-05-07,603439.SH,BUY,14.51,189
2020-05-07,603392.SH,BUY,5.81,474
2020-05-07,002980.SZ,BUY,24.56,98
2020-05-07,002981.SZ,BUY,24.18,101
2020-05-07,600265.SH,BUY,20.26,123
2020-05-07,600610.SH,BUY,3.26,767
2020-05-07,000995.SZ,BUY,7.47,334
2020-05-07,002869.SZ,SELL,43.37,7
2020-05-07,002161.SZ,BUY,8.28,29
2020-05-07,000705.SZ,BUY,6.64,375
2020-05-07,603886.SH,BUY,11.35,10
2020-05-07,603662.SH,BUY,16.83,149
2020-05-07,601138.SH,BUY,12.5,199
2020-05-07,002379.SZ,BUY,3.02,825
2020-05-07,600566.SH,SELL,17.53,2
2020-05-07,002600.SZ,SELL,9.11,32
2020-05-07,002039.SZ,BUY,9.67,261
2020-05-25,002161.SZ,SELL,7.47,304
2020-06-02,002039.SZ,SELL,9.84,261
2020-06-02,002379.SZ,SELL,2.86,825
2020-06-02,002600.SZ,SELL,10.19,276
2020-06-02,002980.SZ,SELL,38.48,98
2020-06-02,002981.SZ,SELL,27.81,101
2020-06-02,002982.SZ,SELL,53.05,78
2020-06-02,002983.SZ,SELL,25.36,167
2020-06-02,600265.SH,SELL,19.84,123
2020-06-02,600566.SH,SELL,18.4,144
2020-06-02,601138.SH,SELL,11.78,199
2020-06-02,603439.SH,SELL,25.26,189
2020-06-02,603392.SH,SELL,32.28,355
2020-06-02,000995.SZ,BUY,7.47,130
2020-06-02,002990.SZ,BUY,40.82,85
2020-06-02,605168.SH,BUY,33.23,114
2020-06-02,002988.SZ,BUY,20.23,168
2020-06-02,002985.SZ,SELL,45.2,68
2020-06-02,603950.SH,BUY,17.62,194
2020-06-02,600610.SH,BUY,3.26,298
2020-06-02,002175.SZ,BUY,1.61,2170
2020-06-02,002869.SZ,BUY,37.0,35
2020-06-02,000705.SZ,BUY,6.69,145
2020-06-02,603886.SH,BUY,12.5,56
2020-06-02,603662.SH,BUY,17.38,50
2020-06-02,603877.SH,BUY,12.76,271
2020-06-02,600681.SH,BUY,3.54,979
2020-06-02,002161.SZ,BUY,7.41,470
2020-06-02,601919.SH,BUY,1.45,2400
2020-06-02,002420.SZ,BUY,3.98,872
2020-06-02,002182.SZ,BUY,6.07,573
2020-06-02,600507.SH,BUY,3.82,908
2020-07-02,002175.SZ,SELL,1.46,2170
2020-07-02,002985.SZ,SELL,56.31,77
2020-07-02,002988.SZ,SELL,17.65,168
2020-07-02,002990.SZ,SELL,42.1,85
2020-07-02,600507.SH,SELL,3.85,908
2020-07-02,600610.SH,SELL,3.26,1065
2020-07-02,600681.SH,SELL,3.54,979
2020-07-02,601919.SH,SELL,1.53,2400
2020-07-02,603392.SH,SELL,58.47,119
2020-07-02,603662.SH,SELL,18.24,199
2020-07-02,603877.SH,SELL,12.63,271
2020-07-02,603950.SH,SELL,15.54,194
2020-07-02,605168.SH,SELL,75.79,114
2020-07-02,000995.SZ,BUY,7.47,63
2020-07-02,603087.SH,BUY,82.93,52
2020-07-02,605166.SH,BUY,12.94,298
2020-07-02,000670.SZ,BUY,2.25,1750
2020-07-02,002869.SZ,BUY,41.68,1
2020-07-02,000705.SZ,BUY,6.82,56
2020-07-02,603886.SH,BUY,12.19,47
2020-07-02,002607.SZ,BUY,27.85,141
2020-07-02,603002.SH,BUY,4.24,926
2020-07-02,600961.SH,BUY,5.94,667
2020-07-02,600562.SH,BUY,14.12,280
2020-07-02,002161.SZ,BUY,7.74,36
2020-07-02,600566.SH,BUY,20.91,188
2020-07-02,002420.SZ,BUY,3.8,164
2020-07-02,002379.SZ,BUY,2.62,1503
2020-07-02,002182.SZ,SELL,7.1,10
2020-07-02,603606.SH,BUY,13.9,284
2020-07-02,601811.SH,BUY,8.46,463
2020-07-02,000800.SZ,BUY,9.54,417
2020-07-02,000681.SZ,BUY,18.5,212
2020-08-04,000681.SZ,SELL,17.64,212
2020-08-04,000800.SZ,SELL,12.18,417
2020-08-04,002182.SZ,SELL,8.75,563
2020-08-04,002420.SZ,SELL,3.85,1036
2020-08-04,002869.SZ,SELL,55.55,94
2020-08-04,600961.SH,SELL,9.21,667
2020-08-04,601811.SH,SELL,9.35,463
2020-08-04,603002.SH,SELL,4.93,926
2020-08-04,603087.SH,SELL,151.7,52
2020-08-04,603606.SH,SELL,22.81,284
2020-08-04,605166.SH,SELL,12.37,298
2020-08-04,000995.SZ,BUY,7.47,89
2020-08-04,605199.SH,BUY,37.06,136
2020-08-04,605188.SH,BUY,10.63,476
2020-08-04,605118.SH,BUY,16.51,307
2020-08-04,000670.SZ,BUY,2.25,297
2020-08-04,603408.SH,BUY,23.77,213
2020-08-04,600610.SH,BUY,3.26,1413
2020-08-04,601318.SH,BUY,59.89,77
2020-08-04,000705.SZ,BUY,7.78,18
2020-08-04,002161.SZ,BUY,8.06,70
2020-08-04,000792.SZ,BUY,8.84,521
2020-08-04,603886.SH,BUY,12.78,39
2020-08-04,600562.SH,SELL,18.45,32
2020-08-04,002992.SZ,BUY,26.78,189
2020-08-04,002607.SZ,BUY,31.99,3
2020-08-04,600566.SH,BUY,21.33,28
2020-08-04,600901.SH,BUY,3.22,1427
2020-08-04,002379.SZ,BUY,2.89,85
2020-08-04,002111.SZ,BUY,11.0,418
2020-08-04,603111.SH,BUY,6.2,743
2020-08-07,603408.SH,SELL,19.71,213
2020-08-31,605199.SH,SELL,31.48,136
2020-09-02,000670.SZ,SELL,2.25,2047
2020-09-02,000792.SZ,SELL,8.84,521
2020-09-02,002161.SZ,SELL,7.55,576
2020-09-02,002379.SZ,SELL,3.07,1588
2020-09-02,002992.SZ,SELL,27.16,189
2020-09-02,600566.SH,SELL,19.98,216
2020-09-02,600610.SH,SELL,5.17,1413
2020-09-02,600901.SH,SELL,3.13,1427
2020-09-02,601318.SH,SELL,59.74,77
2020-09-02,603111.SH,SELL,6.73,743
2020-09-02,603886.SH,SELL,15.55,362
2020-09-02,605118.SH,SELL,18.84,307
2020-09-02,605188.SH,SELL,13.18,476
2020-09-02,603931.SH,BUY,32.68,139
2020-09-02,605123.SH,BUY,73.3,72
2020-09-02,000995.SZ,BUY,7.47,27
2020-09-02,605333.SH,BUY,21.47,246
2020-09-02,002996.SZ,BUY,11.96,442
2020-09-02,002993.SZ,BUY,63.25,78
2020-09-02,605255.SH,BUY,17.8,265
2020-09-02,605388.SH,BUY,18.18,262
2020-09-02,605008.SH,BUY,11.56,415
2020-09-02,002607.SZ,SELL,34.95,5
2020-09-02,002175.SZ,BUY,1.5,3183
2020-09-02,603155.SH,BUY,21.76,243
2020-09-02,600654.SH,BUY,1.63,2941
2020-09-02,002987.SZ,BUY,10.98,439
2020-09-02,002111.SZ,BUY,10.72,30
2020-09-02,600562.SH,BUY,17.6,29
2020-09-02,002869.SZ,BUY,49.2,97
2020-09-02,000705.SZ,SELL,8.89,53
2020-09-02,603327.SH,BUY,10.07,477
2020-09-02,603363.SH,BUY,6.32,759
2020-09-07,603155.SH,SELL,16.82,243
2020-09-08,603931.SH,SELL,25.9,139
2020-09-08,605388.SH,SELL,15.4,262
2020-09-10,002996.SZ,SELL,10.12,442
2020-09-10,603363.SH,SELL,5.26,759
2020-09-11,605255.SH,SELL,14.92,265
2020-09-23,605333.SH,SELL,17.45,246
2020-10-12,000705.SZ,SELL,7.67,541
2020-10-12,000995.SZ,SELL,7.47,643
2020-10-12,002111.SZ,SELL,10.23,448
2020-10-12,002175.SZ,SELL,1.35,3183
2020-10-12,002869.SZ,SELL,43.42,97
2020-10-12,002993.SZ,SELL,67.62,78
2020-10-12,600562.SH,SELL,18.17,277
2020-10-12,603327.SH,SELL,9.05,477
2020-10-12,605008.SH,SELL,12.19,415
2020-10-12,605123.SH,SELL,74.71,72
2020-10-12,605358.SH,BUY,19.55,249
2020-10-12,605111.SH,BUY,10.7,455
2020-10-12,003009.SZ,BUY,29.76,163
2020-10-12,003006.SZ,BUY,16.83,263
2020-10-12,605198.SH,BUY,25.06,175
2020-10-12,605369.SH,BUY,20.23,218
2020-10-12,003000.SZ,BUY,15.27,286
2020-10-12,003010.SZ,BUY,12.16,401
2020-10-12,605009.SH,BUY,76.22,56
2020-10-12,605218.SH,BUY,16.94,254
2020-10-12,003005.SZ,BUY,25.41,172
2020-10-12,605018.SH,BUY,17.08,285
2020-10-12,605116.SH,BUY,16.29,270
2020-10-12,002998.SZ,BUY,9.3,465
2020-10-12,003007.SZ,BUY,25.74,173
2020-10-12,605136.SH,BUY,22.79,213
2020-10-12,002607.SZ,SELL,32.65,2
2020-10-12,600654.SH,SELL,1.62,195
2020-10-12,002987.SZ,SELL,10.96,6
2020-10-12,000670.SZ,BUY,2.25,1969
2020-11-02,605018.SH,SELL,13.88,285
2020-11-03,002998.SZ,SELL,7.95,465
2020-11-03,002607.SZ,SELL,42.87,137
2020-11-03,002998.SZ,SELL,7.95,465
2020-11-03,003000.SZ,SELL,13.47,286
2020-11-03,003005.SZ,SELL,23.77,172
2020-11-03,003006.SZ,SELL,17.88,263
2020-11-03,003007.SZ,SELL,24.31,173
2020-11-03,003010.SZ,SELL,14.34,401
2020-11-03,605009.SH,SELL,70.58,56
2020-11-03,605116.SH,SELL,16.82,270
2020-11-03,605136.SH,SELL,37.53,213
2020-11-03,605198.SH,SELL,25.31,175
2020-11-03,605218.SH,SELL,14.57,254
2020-11-03,605369.SH,SELL,20.82,218
2020-11-03,605111.SH,SELL,32.61,284
2020-11-03,003015.SZ,BUY,13.38,372
2020-11-03,003009.SZ,SELL,59.53,77
2020-11-03,000995.SZ,BUY,7.47,712
2020-11-03,600654.SH,BUY,1.6,532
2020-11-03,000670.SZ,BUY,2.25,397
2020-11-03,002987.SZ,BUY,9.94,106
2020-11-03,605338.SH,BUY,43.57,122
2020-11-03,605358.SH,SELL,31.43,79
2020-11-03,605058.SH,BUY,23.79,224
2020-11-03,003017.SZ,BUY,31.58,171
2020-11-03,000681.SZ,BUY,14.35,372
2020-11-03,002111.SZ,BUY,10.81,492
2020-11-03,002932.SZ,BUY,18.59,285
2020-11-03,600961.SH,BUY,6.41,833
2020-11-03,600685.SH,BUY,24.19,220
2020-11-03,002124.SZ,BUY,9.88,541
2020-11-03,002236.SZ,BUY,19.98,266
2020-11-03,002005.SZ,BUY,1.42,3859
2020-11-03,002582.SZ,BUY,8.76,605
2020-11-30,002932.SZ,SELL,15.78,285
2020-12-02,000681.SZ,SELL,16.37,372
2020-12-02,000995.SZ,SELL,7.47,712
2020-12-02,002124.SZ,SELL,10.46,541
2020-12-02,002236.SZ,SELL,18.83,266
2020-12-02,003009.SZ,SELL,64.52,86
2020-12-02,003015.SZ,SELL,16.97,372
2020-12-02,003017.SZ,SELL,34.99,171
2020-12-02,600654.SH,SELL,1.73,3278
2020-12-02,600685.SH,SELL,25.55,220
2020-12-02,600961.SH,SELL,7.96,833
2020-12-02,605058.SH,SELL,25.77,224
2020-12-02,605111.SH,SELL,51.72,171
2020-12-02,605338.SH,SELL,41.45,122
2020-12-02,605358.SH,SELL,52.5,170
2020-12-02,003004.SZ,BUY,41.23,153
2020-12-02,000670.SZ,BUY,2.25,186
2020-12-02,605266.SH,BUY,37.98,166
2020-12-02,000792.SZ,BUY,8.84,649
2020-12-02,000576.SZ,BUY,10.81,532
2020-12-02,603505.SH,BUY,7.33,782
2020-12-02,002869.SZ,BUY,35.62,161
2020-12-02,002432.SZ,BUY,8.75,656
2020-12-02,002426.SZ,BUY,2.03,2829
2020-12-02,002582.SZ,BUY,8.8,49
2020-12-02,002005.SZ,BUY,1.38,395
2020-12-02,002607.SZ,BUY,36.0,161
2020-12-02,000536.SZ,BUY,2.22,2598
2020-12-02,002987.SZ,BUY,9.72,52
2020-12-02,003019.SZ,BUY,25.83,222
2020-12-02,002255.SZ,BUY,4.41,1301
2020-12-02,002164.SZ,BUY,5.56,1029
2020-12-02,002111.SZ,BUY,10.99,28
2020-12-02,600051.SH,BUY,8.72,660
2020-12-02,600651.SH,BUY,3.6,1595
2020-12-18,002987.SZ,SELL,9.04,591
2020-12-23,003004.SZ,SELL,32.87,153
2020-12-23,003019.SZ,SELL,20.93,222
2020-12-25,002869.SZ,SELL,30.1,161
2021-01-05,000536.SZ,SELL,3.22,2598
2021-01-05,000670.SZ,SELL,2.25,2552
2021-01-05,000792.SZ,SELL,8.84,649
2021-01-05,002164.SZ,SELL,6.0,1029
2021-01-05,002426.SZ,SELL,2.1,2829
2021-01-05,002432.SZ,SELL,8.38,656
2021-01-05,600051.SH,SELL,8.16,660
2021-01-05,600651.SH,SELL,3.44,1595
2021-01-05,603505.SH,SELL,8.19,782
2021-01-05,605266.SH,SELL,37.07,166
2021-01-05,003026.SZ,BUY,42.44,146
2021-01-05,605179.SH,BUY,20.91,296
2021-01-05,003029.SZ,BUY,31.13,199
2021-01-05,003028.SZ,BUY,36.84,168
2021-01-05,601956.SH,BUY,8.7,643
2021-01-05,002322.SZ,BUY,9.36,600
2021-01-05,002236.SZ,BUY,17.82,314
2021-01-05,603327.SH,BUY,7.2,781
2021-01-05,605186.SH,BUY,27.36,208
2021-01-05,002582.SZ,SELL,9.04,43
2021-01-05,002255.SZ,BUY,4.09,74
2021-01-05,002869.SZ,BUY,31.46,179
2021-01-05,000576.SZ,BUY,10.54,4
2021-01-05,002607.SZ,BUY,34.3,4
2021-01-05,002005.SZ,BUY,1.23,335
2021-01-05,002923.SZ,BUY,8.26,678
2021-01-05,600373.SH,BUY,7.81,723
2021-01-05,600446.SH,BUY,15.78,355
2021-01-05,002987.SZ,BUY,8.5,658
2021-01-05,002111.SZ,BUY,10.17,33
2021-01-07,002005.SZ,SELL,1.2,4589
2021-01-11,601956.SH,SELL,7.36,643
2021-01-12,003028.SZ,SELL,28.46,168
2021-01-12,003029.SZ,SELL,24.12,199
2021-01-12,605186.SH,SELL,22.76,208
2021-02-01,002322.SZ,SELL,7.88,600
2021-02-01,605179.SH,SELL,16.83,296
2021-02-02,002869.SZ,SELL,26.75,179
2021-02-02,000576.SZ,SELL,9.85,536
2021-02-02,002111.SZ,SELL,9.86,553
2021-02-02,002236.SZ,SELL,21.91,314
2021-02-02,002255.SZ,SELL,4.14,1375
2021-02-02,002582.SZ,SELL,8.83,611
2021-02-02,002607.SZ,SELL,40.99,165
2021-02-02,002923.SZ,SELL,7.93,678
2021-02-02,002987.SZ,SELL,7.97,658
2021-02-02,003026.SZ,SELL,63.95,146
2021-02-02,600373.SH,SELL,7.43,723
2021-02-02,603327.SH,SELL,6.54,781
2021-02-02,605005.SH,BUY,17.64,322
2021-02-02,605228.SH,BUY,10.81,488
2021-02-02,000792.SZ,BUY,8.84,615
2021-02-02,003031.SZ,BUY,23.57,225
2021-02-02,605398.SH,BUY,20.92,242
2021-02-02,003036.SZ,BUY,10.17,588
2021-02-02,002322.SZ,BUY,8.1,677
2021-02-02,002179.SZ,BUY,35.55,153
2021-02-02,605368.SH,BUY,9.9,530
2021-02-02,002005.SZ,BUY,1.01,5133
2021-02-02,003035.SZ,BUY,5.18,1155
2021-02-02,002869.SZ,BUY,26.75,26
2021-02-02,603858.SH,BUY,19.84,274
2021-02-02,002182.SZ,BUY,7.58,722
2021-02-02,000529.SZ,BUY,5.43,1004
2021-02-02,002298.SZ,BUY,8.02,673
2021-02-02,600446.SH,BUY,15.0,7
2021-02-02,002300.SZ,BUY,4.57,1190
2021-02-02,600651.SH,BUY,3.23,1679
2021-02-02,002432.SZ,BUY,7.63,715
2021-02-04,605368.SH,SELL,8.18,530
2021-02-08,605398.SH,SELL,17.09,242
2021-02-09,605005.SH,SELL,13.74,322
2021-02-10,605228.SH,SELL,9.06,488
2021-02-18,003031.SZ,SELL,18.64,225
2021-03-02,000529.SZ,SELL,5.62,1004
2021-03-02,002005.SZ,SELL,1.15,5133
2021-03-02,002179.SZ,SELL,37.5,153
2021-03-02,002182.SZ,SELL,8.59,722
2021-03-02,002298.SZ,SELL,8.24,673
2021-03-02,002300.SZ,SELL,4.74,1190
2021-03-02,002322.SZ,SELL,8.71,677
2021-03-02,003035.SZ,SELL,6.94,1155
2021-03-02,003036.SZ,SELL,9.83,588
2021-03-02,600446.SH,SELL,15.37,362
2021-03-02,603858.SH,SELL,20.12,274
2021-03-02,605268.SH,BUY,16.1,294
2021-03-02,000792.SZ,SELL,8.84,20
2021-03-02,605077.SH,BUY,33.01,159
2021-03-02,003038.SZ,BUY,19.19,262
2021-03-02,605133.SH,BUY,21.34,221
2021-03-02,605337.SH,BUY,11.46,458
2021-03-02,600916.SH,BUY,13.28,360
2021-03-02,002582.SZ,BUY,8.3,633
2021-03-02,002869.SZ,BUY,27.79,163
2021-03-02,600062.SH,BUY,10.33,510
2021-03-02,002987.SZ,BUY,8.09,650
2021-03-02,002607.SZ,BUY,33.22,158
2021-03-02,605298.SH,BUY,13.96,414
2021-03-02,002236.SZ,BUY,20.14,264
2021-03-02,002432.SZ,SELL,7.47,7
2021-03-02,600651.SH,SELL,3.38,127
2021-03-02,002255.SZ,BUY,4.52,1165
2021-03-02,002661.SZ,BUY,14.51,362
2021-03-02,603466.SH,BUY,9.59,554
2021-03-02,601677.SH,BUY,11.41,465
2021-03-08,605268.SH,SELL,13.46,294
2021-03-10,003038.SZ,SELL,16.19,262
2021-03-10,605077.SH,SELL,27.96,159
2021-03-10,605133.SH,SELL,17.72,221
2021-03-24,002607.SZ,SELL,27.83,158
2021-04-02,002236.SZ,SELL,22.1,264
2021-04-02,002255.SZ,SELL,4.73,1165
2021-04-02,002661.SZ,SELL,13.4,362
2021-04-02,002869.SZ,SELL,25.07,189
2021-04-02,002987.SZ,SELL,8.97,650
2021-04-02,600062.SH,SELL,10.38,510
2021-04-02,600651.SH,SELL,3.69,1552
2021-04-02,600916.SH,SELL,16.11,360
2021-04-02,601677.SH,SELL,13.02,465
2021-04-02,603466.SH,SELL,8.92,554
2021-04-02,605298.SH,SELL,13.66,414
2021-04-02,605337.SH,SELL,12.6,458
2021-04-02,003039.SZ,BUY,48.5,118
2021-04-02,603759.SH,BUY,16.53,354
2021-04-02,605286.SH,BUY,28.75,181
2021-04-02,003040.SZ,BUY,15.25,383
2021-04-02,000792.SZ,BUY,8.84,7
2021-04-02,605389.SH,BUY,45.23,115
2021-04-02,002980.SZ,BUY,28.58,186
2021-04-02,603363.SH,BUY,4.55,1170
2021-04-02,605168.SH,BUY,43.92,121
2021-04-02,600035.SH,BUY,2.4,2221
2021-04-02,603611.SH,BUY,10.91,487
2021-04-02,605266.SH,BUY,38.2,139
2021-04-02,002932.SZ,BUY,17.2,309
2021-04-02,603758.SH,BUY,7.52,705
2021-04-02,002582.SZ,BUY,8.05,28
2021-04-02,002432.SZ,BUY,7.52,3
2021-04-02,002548.SZ,BUY,7.07,754
2021-04-02,600183.SH,BUY,20.47,261
2021-04-02,002982.SZ,BUY,27.05,196
2021-04-02,002916.SZ,BUY,66.01,81
2021-04-22,605168.SH,SELL,37.15,121
2021-04-26,002982.SZ,SELL,21.77,196
2021-04-27,605286.SH,SELL,24.04,181
2021-04-28,003039.SZ,SELL,40.81,118
2021-05-06,002980.SZ,SELL,23.52,186
2021-05-07,605389.SH,SELL,37.81,115
2021-05-07,002432.SZ,SELL,7.36,711
2021-05-07,002548.SZ,SELL,6.21,754
2021-05-07,002582.SZ,SELL,8.12,661
2021-05-07,002916.SZ,SELL,57.43,81
2021-05-07,002932.SZ,SELL,25.67,309
2021-05-07,003040.SZ,SELL,35.14,383
2021-05-07,600035.SH,SELL,2.56,2221
2021-05-07,600183.SH,SELL,20.71,261
2021-05-07,603363.SH,SELL,3.95,1170
2021-05-07,603611.SH,SELL,11.15,487
2021-05-07,603758.SH,SELL,6.73,705
2021-05-07,603759.SH,SELL,16.6,354
2021-05-07,605266.SH,SELL,36.8,139
2021-05-07,605389.SH,SELL,37.81,115
2021-05-07,605016.SH,BUY,7.79,697
2021-05-07,605089.SH,BUY,44.5,133
2021-05-07,001201.SZ,BUY,38.19,139
2021-05-07,605086.SH,BUY,17.52,303
2021-05-07,601279.SH,BUY,10.22,580
2021-05-07,003043.SZ,BUY,41.07,130
2021-05-07,605117.SH,BUY,8.82,611
2021-05-07,000792.SZ,BUY,8.84,8
2021-05-07,605168.SH,BUY,33.3,162
2021-05-07,000737.SZ,BUY,6.09,895
2021-05-07,605277.SH,BUY,8.46,638
2021-05-07,002600.SZ,BUY,7.97,673
2021-05-07,002607.SZ,BUY,24.58,218
2021-05-07,605398.SH,BUY,14.68,365
2021-05-07,002367.SZ,BUY,7.84,691
2021-05-07,603858.SH,BUY,19.25,279
2021-05-07,600470.SH,BUY,4.13,1305
2021-05-07,601098.SH,BUY,7.72,697
2021-05-07,002381.SZ,BUY,7.66,704
2021-05-07,002755.SZ,BUY,13.49,402
2021-06-02,000792.SZ,SELL,8.84,610
2021-06-02,001201.SZ,SELL,34.77,139
2021-06-02,002367.SZ,SELL,7.73,691
2021-06-02,002381.SZ,SELL,7.57,704
2021-06-02,002600.SZ,SELL,8.42,673
2021-06-02,002607.SZ,SELL,24.82,218
2021-06-02,002755.SZ,SELL,13.51,402
2021-06-02,003043.SZ,SELL,39.3,130
2021-06-02,600470.SH,SELL,4.42,1305
2021-06-02,601098.SH,SELL,7.39,697
2021-06-02,601279.SH,SELL,13.19,580
2021-06-02,603858.SH,SELL,20.53,279
2021-06-02,605016.SH,SELL,12.34,697
2021-06-02,605086.SH,SELL,20.44,303
2021-06-02,605089.SH,SELL,83.51,133
2021-06-02,605117.SH,SELL,14.73,611
2021-06-02,605168.SH,SELL,37.75,162
2021-06-02,605277.SH,SELL,8.85,638
2021-06-02,605398.SH,SELL,15.95,365
2021-06-02,605339.SH,BUY,65.99,102
2021-06-02,605499.SH,BUY,70.1,96
2021-06-02,001206.SZ,BUY,37.97,158
2021-06-02,600032.SH,BUY,8.65,783
2021-06-02,605196.SH,BUY,16.76,367
2021-06-02,605090.SH,BUY,23.42,265
2021-06-02,603985.SH,BUY,12.91,478
2021-06-02,603886.SH,BUY,14.74,420
2021-06-02,002616.SZ,BUY,6.13,1022
2021-06-02,000737.SZ,SELL,6.89,3
2021-06-02,600987.SH,BUY,4.34,1412
2021-06-02,002406.SZ,BUY,5.52,1117
2021-06-02,002385.SZ,BUY,8.05,759
2021-06-02,603605.SH,BUY,84.16,73
2021-06-02,603050.SH,BUY,4.95,1246
2021-06-02,601388.SH,BUY,3.5,1752
2021-06-02,605266.SH,BUY,35.47,173
2021-06-02,603683.SH,BUY,8.15,756
2021-06-02,002262.SZ,BUY,14.95,414
2021-06-02,600885.SH,BUY,27.83,222
2021-06-08,605196.SH,SELL,13.93,367
2021-06-08,605339.SH,SELL,53.93,102
2021-06-15,001206.SZ,SELL,31.06,158
2021-06-22,002385.SZ,SELL,6.42,759
2021-07-02,000737.SZ,SELL,8.52,892
2021-07-02,002262.SZ,SELL,14.69,414
2021-07-02,002406.SZ,SELL,5.92,1117
2021-07-02,002616.SZ,SELL,6.61,1022
2021-07-02,600032.SH,SELL,11.13,783
2021-07-02,600885.SH,SELL,28.58,222
2021-07-02,600987.SH,SELL,4.31,1412
2021-07-02,601388.SH,SELL,3.07,1752
2021-07-02,603605.SH,SELL,99.39,73
2021-07-02,603683.SH,SELL,7.59,756
2021-07-02,605266.SH,SELL,39.11,173
2021-07-02,605499.SH,SELL,178.93,96
2021-07-02,001207.SZ,BUY,24.3,244
2021-07-02,603529.SH,BUY,24.49,264
2021-07-02,000670.SZ,BUY,2.25,2918
2021-07-02,002369.SZ,BUY,5.46,1202
2021-07-02,002587.SZ,BUY,4.66,1393
2021-07-02,002161.SZ,BUY,5.12,1277
2021-07-02,000839.SZ,BUY,2.06,3187
2021-07-02,001208.SZ,BUY,9.11,792
2021-07-02,600777.SH,BUY,1.58,4209
2021-07-02,603985.SH,BUY,12.62,40
2021-07-02,600613.SH,BUY,5.58,1197
2021-07-02,002693.SZ,BUY,4.33,1534
2021-07-02,603393.SH,BUY,16.91,388
2021-07-02,605090.SH,BUY,20.3,58
2021-07-02,002992.SZ,BUY,16.36,400
2021-07-02,603685.SH,BUY,11.82,552
2021-07-02,603886.SH,BUY,13.83,55
2021-07-02,002358.SZ,BUY,2.76,2359
2021-07-02,002753.SZ,BUY,8.28,792
2021-07-02,603050.SH,BUY,4.83,105
2021-07-20,605090.SH,SELL,19.11,323
2021-07-26,603529.SH,SELL,19.41,264
2021-07-26,603886.SH,SELL,12.38,475
2021-07-27,001207.SZ,SELL,20.02,244
2021-07-29,600613.SH,SELL,4.62,1197
2021-08-03,000670.SZ,SELL,2.25,2918
2021-08-03,000839.SZ,SELL,2.18,3187
2021-08-03,001208.SZ,SELL,9.48,792
2021-08-03,002161.SZ,SELL,4.7,1277
2021-08-03,002358.SZ,SELL,2.67,2359
2021-08-03,002369.SZ,SELL,5.74,1202
2021-08-03,002587.SZ,SELL,4.63,1393
2021-08-03,002693.SZ,SELL,4.07,1534
2021-08-03,002753.SZ,SELL,8.98,792
2021-08-03,002992.SZ,SELL,15.03,400
2021-08-03,600777.SH,SELL,1.54,4209
2021-08-03,605020.SH,BUY,24.29,259
2021-08-03,002692.SZ,BUY,2.73,2357
2021-08-03,603882.SH,BUY,126.02,51
2021-08-03,000737.SZ,BUY,7.87,823
2021-08-03,605090.SH,BUY,17.65,365
2021-08-03,002223.SZ,BUY,31.68,201
2021-08-03,603393.SH,SELL,16.64,1
2021-08-03,002952.SZ,BUY,12.8,516
2021-08-03,603985.SH,SELL,13.99,57
2021-08-03,002649.SZ,BUY,9.06,707
2021-08-03,002953.SZ,BUY,7.74,822
2021-08-03,000792.SZ,BUY,8.84,728
2021-08-03,000720.SZ,BUY,4.19,1537
2021-08-03,000157.SZ,BUY,6.81,948
2021-08-03,002511.SZ,BUY,19.5,326
2021-08-03,600236.SH,BUY,4.34,1483
2021-08-03,002262.SZ,BUY,13.05,492
2021-08-03,603050.SH,SELL,5.88,275
2021-08-03,603685.SH,SELL,13.09,59
2021-08-03,002557.SZ,BUY,34.14,187
2021-08-23,603882.SH,SELL,100.9,51
2021-09-02,000157.SZ,SELL,7.33,948
2021-09-02,000737.SZ,SELL,7.83,823
2021-09-02,000792.SZ,SELL,39.95,728
2021-09-02,002223.SZ,SELL,30.19,201
2021-09-02,002511.SZ,SELL,17.09,326
2021-09-02,002557.SZ,SELL,34.05,187
2021-09-02,002649.SZ,SELL,9.6,707
2021-09-02,002952.SZ,SELL,13.11,516
2021-09-02,600236.SH,SELL,4.76,1483
2021-09-02,603393.SH,SELL,23.62,387
2021-09-02,603685.SH,SELL,12.92,493
2021-09-02,603985.SH,SELL,14.78,461
2021-09-02,605020.SH,SELL,31.43,259
2021-09-02,605090.SH,SELL,20.46,365
2021-09-02,000670.SZ,BUY,2.25,3426
2021-09-02,600894.SH,BUY,5.72,1355
2021-09-02,002692.SZ,BUY,2.81,384
2021-09-02,002441.SZ,BUY,6.94,1109
2021-09-02,603183.SH,BUY,4.77,1628
2021-09-02,002953.SZ,BUY,7.74,170
2021-09-02,002107.SZ,BUY,5.97,1287
2021-09-02,603050.SH,BUY,5.74,263
2021-09-02,000720.SZ,BUY,4.5,168
2021-09-02,000589.SZ,BUY,4.13,1864
2021-09-02,601728.SH,BUY,3.76,2039
2021-09-02,603606.SH,BUY,23.33,330
2021-09-02,002262.SZ,BUY,12.72,118
2021-09-02,003010.SZ,BUY,7.86,970
2021-09-02,002737.SZ,BUY,12.44,621
2021-09-02,603199.SH,BUY,20.87,368
2021-09-02,000753.SZ,BUY,2.64,2914
2021-09-02,000977.SZ,BUY,29.71,259
2021-09-02,605168.SH,BUY,36.5,211
2021-09-02,003816.SZ,BUY,2.45,3144
2021-09-30,003010.SZ,SELL,6.58,970
2021-10-11,000589.SZ,SELL,4.14,1864
2021-10-11,000670.SZ,SELL,2.25,3426
2021-10-11,000720.SZ,SELL,5.19,1705
2021-10-11,000753.SZ,SELL,2.73,2914
2021-10-11,000977.SZ,SELL,28.52,259
2021-10-11,002107.SZ,SELL,6.0,1287
2021-10-11,002262.SZ,SELL,13.58,610
2021-10-11,002441.SZ,SELL,7.24,1109
2021-10-11,002692.SZ,SELL,3.07,2741
2021-10-11,002953.SZ,SELL,8.83,992
2021-10-11,003816.SZ,SELL,3.0,3144
2021-10-11,600894.SH,SELL,5.5,1355
2021-10-11,601728.SH,SELL,3.57,2039
2021-10-11,603050.SH,SELL,7.32,1339
2021-10-11,603199.SH,SELL,19.76,368
2021-10-11,603606.SH,SELL,28.03,330
2021-10-11,605168.SH,SELL,35.67,211
2021-10-11,001217.SZ,BUY,19.16,459
2021-10-11,600955.SH,BUY,43.78,182
2021-10-11,002243.SZ,BUY,9.41,855
2021-10-11,002402.SZ,BUY,20.62,386
2021-10-11,002737.SZ,BUY,11.9,49
2021-10-11,000407.SZ,BUY,5.12,1552
2021-10-11,603501.SH,BUY,172.51,46
2021-10-11,600551.SH,BUY,4.72,1694
2021-10-11,600211.SH,BUY,33.15,241
2021-10-11,000505.SZ,BUY,7.26,1101
2021-10-11,603183.SH,BUY,4.56,114
2021-10-11,002056.SZ,BUY,11.93,671
2021-10-11,000026.SZ,BUY,10.37,768
2021-10-11,002382.SZ,BUY,17.11,466
2021-10-11,605123.SH,BUY,79.28,100
2021-10-11,601108.SH,BUY,9.54,839
2021-10-11,600502.SH,BUY,3.16,2536
2021-10-11,601988.SH,BUY,2.42,3321
2021-10-11,002360.SZ,BUY,8.07,991
2021-10-11,002059.SZ,BUY,5.06,1583
2021-10-14,000407.SZ,SELL,4.29,1552
2021-10-21,002382.SZ,SELL,14.41,466
2021-11-02,000026.SZ,SELL,9.97,768
2021-11-02,001217.SZ,SELL,18.55,459
2021-11-02,002056.SZ,SELL,12.96,671
2021-11-02,002059.SZ,SELL,4.68,1583
2021-11-02,002243.SZ,SELL,8.96,855
2021-11-02,002360.SZ,SELL,8.33,991
2021-11-02,002402.SZ,SELL,22.75,386
2021-11-02,002737.SZ,SELL,12.18,670
2021-11-02,600211.SH,SELL,32.3,241
2021-11-02,600502.SH,SELL,3.12,2536
2021-11-02,600551.SH,SELL,4.36,1694
2021-11-02,600955.SH,SELL,47.66,182
2021-11-02,601108.SH,SELL,8.9,839
2021-11-02,601988.SH,SELL,2.41,3321
2021-11-02,603501.SH,SELL,196.59,46
2021-11-02,605123.SH,SELL,89.35,100
2021-11-02,605566.SH,BUY,27.7,284
2021-11-02,002951.SZ,BUY,8.18,969
2021-11-02,001218.SZ,BUY,26.22,301
2021-11-02,600750.SH,BUY,8.93,884
2021-11-02,603950.SH,BUY,11.25,705
2021-11-02,000505.SZ,BUY,6.65,97
2021-11-02,605168.SH,BUY,31.49,251
2021-11-02,000720.SZ,BUY,5.1,1551
2021-11-02,000407.SZ,BUY,4.14,1897
2021-11-02,603183.SH,BUY,4.17,158
2021-11-02,603035.SH,BUY,10.94,725
2021-11-02,002654.SZ,BUY,3.38,2340
2021-11-02,002159.SZ,BUY,9.95,795
2021-11-02,600539.SH,BUY,6.39,1230
2021-11-02,002351.SZ,BUY,10.65,744
2021-11-02,000756.SZ,BUY,7.19,1100
2021-11-02,002194.SZ,BUY,9.69,816
2021-11-02,000510.SZ,BUY,5.8,1373
2021-11-02,603380.SH,BUY,30.75,264
2021-11-02,603320.SH,BUY,11.0,716
2021-12-02,000407.SZ,SELL,4.04,1897
2021-12-02,000505.SZ,SELL,6.9,1198
2021-12-02,000510.SZ,SELL,6.08,1373
2021-12-02,000720.SZ,SELL,5.9,1551
2021-12-02,000756.SZ,SELL,8.71,1100
2021-12-02,001218.SZ,SELL,29.13,301
2021-12-02,002159.SZ,SELL,10.06,795
2021-12-02,002194.SZ,SELL,10.38,816
2021-12-02,002351.SZ,SELL,11.17,744
2021-12-02,002654.SZ,SELL,3.64,2340
2021-12-02,002951.SZ,SELL,9.02,969
2021-12-02,600539.SH,SELL,7.0,1230
2021-12-02,600750.SH,SELL,9.54,884
2021-12-02,603035.SH,SELL,15.03,725
2021-12-02,603183.SH,SELL,4.48,1900
2021-12-02,603320.SH,SELL,13.48,716
2021-12-02,603380.SH,SELL,39.29,264
2021-12-02,603950.SH,SELL,12.37,705
2021-12-02,605168.SH,SELL,33.92,251
2021-12-02,605566.SH,SELL,29.59,284
2021-12-02,603213.SH,BUY,17.14,504
2021-12-02,600935.SH,BUY,8.1,1174
2021-12-02,603048.SH,BUY,29.6,287
2021-12-02,002027.SZ,BUY,5.79,1490
2021-12-02,002977.SZ,BUY,49.25,175
2021-12-02,603408.SH,BUY,11.59,746
2021-12-02,002064.SZ,BUY,9.62,894
2021-12-02,002496.SZ,BUY,2.7,3190
2021-12-02,603326.SH,BUY,7.88,1097
2021-12-02,603678.SH,BUY,77.91,110
2021-12-02,603277.SH,BUY,10.91,798
2021-12-02,603551.SH,BUY,7.72,1133
2021-12-02,600211.SH,BUY,33.83,254
2021-12-02,605398.SH,BUY,14.56,603
2021-12-02,002107.SZ,BUY,5.71,1514
2021-12-02,600176.SH,BUY,15.74,550
2021-12-02,002737.SZ,BUY,12.56,688
2021-12-02,002949.SZ,BUY,13.05,662
2021-12-02,603358.SH,BUY,20.96,408
2021-12-02,605303.SH,BUY,14.96,594
2022-01-05,002027.SZ,SELL,6.94,1490
2022-01-05,002064.SZ,SELL,9.51,894
2022-01-05,002107.SZ,SELL,7.86,1514
2022-01-05,002496.SZ,SELL,2.84,3190
2022-01-05,002737.SZ,SELL,14.28,688
2022-01-05,002949.SZ,SELL,16.35,662
2022-01-05,002977.SZ,SELL,50.13,175
2022-01-05,600176.SH,SELL,15.81,550
2022-01-05,600211.SH,SELL,37.33,254
2022-01-05,600935.SH,SELL,7.31,1174
2022-01-05,603048.SH,SELL,26.2,287
2022-01-05,603213.SH,SELL,19.74,504
2022-01-05,603277.SH,SELL,11.1,798
2022-01-05,603326.SH,SELL,8.61,1097
2022-01-05,603358.SH,SELL,18.89,408
2022-01-05,603551.SH,SELL,7.62,1133
2022-01-05,603678.SH,SELL,72.42,110
2022-01-05,605303.SH,SELL,15.7,594
2022-01-05,605398.SH,SELL,14.0,603
2022-01-05,603230.SH,BUY,19.07,423
2022-01-05,001296.SZ,BUY,24.72,326
2022-01-05,000638.SZ,BUY,4.87,1839
2022-01-05,603408.SH,BUY,11.91,10
2022-01-05,605058.SH,BUY,23.95,372
2022-01-05,603927.SH,BUY,18.3,490
2022-01-05,605088.SH,BUY,13.57,663
2022-01-05,601006.SH,BUY,5.03,1785
2022-01-05,000926.SZ,BUY,3.08,2924
2022-01-05,003028.SZ,BUY,31.02,287
2022-01-05,002219.SZ,BUY,2.87,3131
2022-01-05,603726.SH,BUY,12.78,702
2022-01-05,601233.SH,BUY,20.09,603
2022-01-05,002889.SZ,BUY,9.65,924
2022-01-05,002761.SZ,BUY,7.47,1203
2022-01-05,603859.SH,BUY,26.46,340
2022-01-05,603007.SH,BUY,2.93,3041
2022-01-05,600520.SH,BUY,9.04,995
2022-01-05,600487.SH,BUY,15.1,594
2022-01-05,003013.SZ,BUY,18.21,493
2022-01-18,001296.SZ,SELL,20.85,326
2022-01-20,002219.SZ,SELL,2.32,3131
2022-01-21,603230.SH,SELL,15.71,423
2022-02-08,000638.SZ,SELL,5.12,1839
2022-02-08,000926.SZ,SELL,3.01,2924
2022-02-08,002761.SZ,SELL,8.72,1203
2022-02-08,002889.SZ,SELL,9.18,924
2022-02-08,003013.SZ,SELL,18.68,493
2022-02-08,003028.SZ,SELL,29.01,287
2022-02-08,600487.SH,SELL,13.66,594
2022-02-08,600520.SH,SELL,8.64,995
2022-02-08,601006.SH,SELL,5.25,1785
2022-02-08,601233.SH,SELL,20.69,446
2022-02-08,603007.SH,SELL,2.72,3041
2022-02-08,603408.SH,SELL,10.76,756
2022-02-08,603726.SH,SELL,12.07,702
2022-02-08,603859.SH,SELL,25.79,340
2022-02-08,603927.SH,SELL,18.86,490
2022-02-08,605058.SH,SELL,21.84,372
2022-02-08,605088.SH,SELL,12.72,663
2022-02-08,603176.SH,BUY,10.83,882
2022-02-08,603102.SH,BUY,53.51,152
2022-02-08,600750.SH,BUY,9.52,912
2022-02-08,002737.SZ,BUY,12.02,723
2022-02-08,605180.SH,BUY,17.71,491
2022-02-08,000919.SZ,BUY,6.38,1355
2022-02-08,603966.SH,BUY,7.04,1233
2022-02-08,603599.SH,BUY,14.51,596
2022-02-08,600016.SH,BUY,3.07,2833
2022-02-08,000848.SZ,BUY,8.25,1050
2022-02-08,000989.SZ,BUY,7.76,1119
2022-02-08,002742.SZ,BUY,4.05,2154
2022-02-08,600829.SH,BUY,5.94,1460
2022-02-08,000880.SZ,BUY,5.5,1589
2022-02-08,600543.SH,BUY,6.01,1435
2022-02-08,600826.SH,BUY,5.32,1625
2022-02-08,002273.SZ,BUY,12.63,679
2022-02-08,603607.SH,BUY,12.83,676
2022-02-08,601998.SH,BUY,3.75,2314
2022-02-08,600332.SH,BUY,26.33,331
2022-03-02,000848.SZ,SELL,8.91,1050
2022-03-02,000880.SZ,SELL,5.73,1589
2022-03-02,000919.SZ,SELL,7.04,1355
2022-03-02,000989.SZ,SELL,8.02,1119
2022-03-02,002273.SZ,SELL,12.9,679
2022-03-02,002737.SZ,SELL,12.29,723
2022-03-02,002742.SZ,SELL,4.62,2154
2022-03-02,600016.SH,SELL,3.06,2833
2022-03-02,600332.SH,SELL,26.39,331
2022-03-02,600543.SH,SELL,6.45,1435
2022-03-02,600750.SH,SELL,9.78,912
2022-03-02,600826.SH,SELL,5.54,1625
2022-03-02,600829.SH,SELL,6.16,1460
2022-03-02,601998.SH,SELL,3.63,2314
2022-03-02,603102.SH,SELL,48.02,152
2022-03-02,603176.SH,SELL,10.07,882
2022-03-02,603599.SH,SELL,15.15,596
2022-03-02,603607.SH,SELL,12.95,676
2022-03-02,603966.SH,SELL,6.98,1233
2022-03-02,603122.SH,BUY,14.67,664
2022-03-02,603132.SH,BUY,15.46,519
2022-03-02,001313.SZ,BUY,13.04,711
2022-03-02,603215.SH,BUY,20.69,410
2022-03-02,600935.SH,BUY,6.51,1358
2022-03-02,605178.SH,BUY,27.68,318
2022-03-02,002358.SZ,BUY,2.72,3241
2022-03-02,002211.SZ,BUY,3.86,2283
2022-03-02,603126.SH,BUY,7.39,1199
2022-03-02,605180.SH,BUY,17.53,10
2022-03-02,002514.SZ,BUY,4.63,1913
2022-03-02,002115.SZ,BUY,5.1,1720
2022-03-02,600192.SH,BUY,5.2,1694
2022-03-02,002081.SZ,BUY,5.46,1614
2022-03-02,002379.SZ,BUY,3.3,2684
2022-03-02,002164.SZ,BUY,5.67,1559
2022-03-02,000566.SZ,BUY,4.53,1955
2022-03-02,000802.SZ,BUY,4.04,2187
2022-03-02,600537.SH,BUY,4.23,2084
2022-03-02,601568.SH,BUY,5.88,1511
2022-03-15,603215.SH,SELL,16.52,410
2022-03-16,002081.SZ,SELL,4.64,1614
2022-03-16,603126.SH,SELL,6.35,1199
2022-03-16,605178.SH,SELL,23.6,318
2022-03-16,605180.SH,SELL,14.9,501
2022-03-29,603132.SH,SELL,13.12,519
2022-04-06,000566.SZ,SELL,5.77,1955
2022-04-06,000802.SZ,SELL,4.06,2187
2022-04-06,001313.SZ,SELL,14.14,711
2022-04-06,002115.SZ,SELL,4.58,1720
2022-04-06,002164.SZ,SELL,5.04,1559
2022-04-06,002211.SZ,SELL,3.74,2283
2022-04-06,002358.SZ,SELL,2.95,3241
2022-04-06,002379.SZ,SELL,3.12,2684
2022-04-06,002514.SZ,SELL,4.63,1913
2022-04-06,600192.SH,SELL,5.49,1694
2022-04-06,600537.SH,SELL,4.16,2084
2022-04-06,600935.SH,SELL,5.79,1358
2022-04-06,601568.SH,SELL,5.43,1511
2022-04-06,603122.SH,SELL,16.91,664
2022-04-06,600648.SH,BUY,11.7,727
2022-04-06,603590.SH,BUY,28.42,299
2022-04-06,002592.SZ,BUY,4.89,1728
2022-04-06,605180.SH,BUY,14.77,568
2022-04-06,605058.SH,BUY,18.63,455
2022-04-06,002556.SZ,BUY,9.51,887
2022-04-06,002953.SZ,BUY,7.92,1073
2022-04-06,000035.SZ,BUY,4.9,1738
2022-04-06,601311.SH,BUY,10.02,841
2022-04-06,000930.SZ,BUY,8.61,984
2022-04-06,002579.SZ,BUY,7.56,1121
2022-04-06,600487.SH,BUY,12.42,682
2022-04-06,603926.SH,BUY,9.79,869
2022-04-06,003006.SZ,BUY,11.92,712
2022-04-06,000415.SZ,BUY,2.34,3630
2022-04-06,002946.SZ,BUY,11.15,755
2022-04-06,002130.SZ,BUY,6.03,1397
2022-04-06,600195.SH,BUY,12.08,699
2022-04-06,000785.SZ,BUY,4.03,2105
2022-04-06,002429.SZ,BUY,3.45,2450
2022-04-22,002579.SZ,SELL,6.47,1121
2022-04-22,600487.SH,SELL,10.33,682
2022-04-22,601311.SH,SELL,8.42,841
2022-04-26,000035.SZ,SELL,3.97,1738
2022-04-26,002130.SZ,SELL,5.05,1397
2022-04-26,002429.SZ,SELL,2.96,2450
2022-04-26,002953.SZ,SELL,6.33,1073
2022-04-26,003006.SZ,SELL,9.29,712
2022-04-26,603590.SH,SELL,22.87,299
2022-04-27,000415.SZ,SELL,1.91,3630
2022-04-27,000930.SZ,SELL,6.9,984
2022-04-27,600195.SH,SELL,10.27,699
2022-04-27,603926.SH,SELL,7.74,869
2022-04-27,605058.SH,SELL,14.82,455
2022-04-28,002592.SZ,SELL,4.21,1728
2022-04-28,605180.SH,SELL,12.42,568
2022-05-06,000785.SZ,SELL,3.48,2105
2022-05-06,002556.SZ,SELL,8.9,887
2022-05-06,002946.SZ,SELL,10.79,755
2022-05-06,603191.SH,BUY,22.21,367
2022-05-06,600648.SH,SELL,11.65,134
2022-05-06,002076.SZ,BUY,1.07,6810
2022-05-06,002728.SZ,BUY,5.77,1244
2022-05-06,600117.SH,BUY,3.22,2289
2022-05-06,002156.SZ,BUY,12.9,553
2022-05-06,002185.SZ,BUY,8.04,891
2022-05-06,000016.SZ,BUY,4.42,1638
2022-05-06,600703.SH,BUY,17.52,410
2022-05-06,002243.SZ,BUY,7.06,1021
2022-05-06,002023.SZ,BUY,8.85,820
2022-05-06,000801.SZ,BUY,5.53,1298
2022-05-06,000767.SZ,BUY,3.02,2408
2022-05-06,000590.SZ,BUY,7.32,989
2022-05-06,000035.SZ,BUY,3.94,1847
2022-05-06,000782.SZ,BUY,4.35,1686
2022-05-06,000903.SZ,BUY,2.47,2941
2022-05-06,002515.SZ,BUY,3.89,1854
2022-05-06,002442.SZ,BUY,4.17,1724
2022-05-06,002215.SZ,BUY,5.17,1406
2022-05-25,603191.SH,SELL,18.17,367
2022-06-02,000016.SZ,SELL,5.49,1638
2022-06-02,000035.SZ,SELL,5.66,1847
2022-06-02,000590.SZ,SELL,8.0,989
2022-06-02,000767.SZ,SELL,3.8,2408
2022-06-02,000782.SZ,SELL,4.54,1686
2022-06-02,000801.SZ,SELL,6.8,1298
2022-06-02,000903.SZ,SELL,2.94,2941
2022-06-02,002023.SZ,SELL,9.54,820
2022-06-02,002076.SZ,SELL,1.33,6810
2022-06-02,002156.SZ,SELL,13.81,553
2022-06-02,002185.SZ,SELL,8.44,891
2022-06-02,002215.SZ,SELL,5.59,1406
2022-06-02,002243.SZ,SELL,9.08,1021
2022-06-02,002442.SZ,SELL,4.89,1724
2022-06-02,002515.SZ,SELL,3.95,1854
2022-06-02,002728.SZ,SELL,6.27,1244
2022-06-02,600117.SH,SELL,3.59,2289
2022-06-02,600648.SH,SELL,12.4,593
2022-06-02,600703.SH,SELL,20.47,410
2022-06-02,001318.SZ,BUY,30.83,293
2022-06-02,603272.SH,BUY,25.24,319
2022-06-02,603097.SH,BUY,28.14,287
2022-06-02,603768.SH,BUY,15.85,523
2022-06-02,002818.SZ,BUY,9.14,896
2022-06-02,600671.SH,BUY,7.85,1045
2022-06-02,603031.SH,BUY,28.94,286
2022-06-02,002556.SZ,BUY,10.14,819
2022-06-02,002115.SZ,BUY,3.92,2085
2022-06-02,002169.SZ,BUY,6.86,1197
2022-06-02,000908.SZ,BUY,3.34,2467
2022-06-02,002768.SZ,BUY,22.4,362
2022-06-02,002067.SZ,BUY,3.58,2299
2022-06-02,600289.SH,BUY,3.1,2641
2022-06-02,002569.SZ,BUY,6.29,1300
2022-06-02,603332.SH,BUY,13.83,587
2022-06-02,002217.SZ,BUY,1.23,6703
2022-06-02,002900.SZ,BUY,11.4,723
2022-06-02,002391.SZ,BUY,6.71,1220
2022-06-02,600386.SH,BUY,4.14,1980
2022-06-06,001318.SZ,SELL,22.69,293
2022-06-10,603272.SH,SELL,20.43,319
2022-06-15,603097.SH,SELL,22.25,287
2022-07-04,000908.SZ,SELL,3.47,2467
2022-07-04,002067.SZ,SELL,3.75,2299
2022-07-04,002115.SZ,SELL,4.19,2085
2022-07-04,002169.SZ,SELL,7.57,1197
2022-07-04,002217.SZ,SELL,1.29,6703
2022-07-04,002391.SZ,SELL,6.67,1220
2022-07-04,002556.SZ,SELL,10.21,819
2022-07-04,002569.SZ,SELL,6.15,1300
2022-07-04,002768.SZ,SELL,24.65,362
2022-07-04,002818.SZ,SELL,9.67,896
2022-07-04,002900.SZ,SELL,13.74,723
2022-07-04,600289.SH,SELL,3.18,2641
2022-07-04,600386.SH,SELL,3.86,1980
2022-07-04,600671.SH,SELL,7.47,1045
2022-07-04,603031.SH,SELL,28.04,286
2022-07-04,603332.SH,SELL,16.91,587
2022-07-04,603768.SH,SELL,15.48,523
2022-07-04,001316.SZ,BUY,29.89,267
2022-07-04,000581.SZ,BUY,16.76,485
2022-07-04,001270.SZ,BUY,60.59,135
2022-07-04,600620.SH,BUY,11.07,720
2022-07-04,600136.SH,BUY,1.95,4146
2022-07-04,001226.SZ,BUY,40.47,195
2022-07-04,601728.SH,BUY,3.21,2558
2022-07-04,002742.SZ,BUY,4.13,1986
2022-07-04,002086.SZ,BUY,2.21,3909
2022-07-04,601163.SH,BUY,10.36,798
2022-07-04,600157.SH,BUY,1.58,5212
2022-07-04,002005.SZ,BUY,1.56,5297
2022-07-04,600050.SH,BUY,3.1,2638
2022-07-04,000830.SZ,BUY,13.94,588
2022-07-04,601339.SH,BUY,4.13,1985
2022-07-04,603161.SH,BUY,7.75,1059
2022-07-04,002654.SZ,BUY,3.91,2083
2022-07-04,002908.SZ,BUY,8.39,979
2022-07-04,600166.SH,BUY,2.81,2942
2022-07-04,603067.SH,BUY,9.39,927
2022-07-06,001270.SZ,SELL,49.7,135
2022-07-26,001316.SZ,SELL,24.83,267
2022-08-02,000830.SZ,SELL,12.51,588
2022-08-02,001226.SZ,SELL,36.0,195
2022-08-02,002005.SZ,SELL,1.65,5297
2022-08-02,002086.SZ,SELL,2.68,3909
2022-08-02,002654.SZ,SELL,3.97,2083
2022-08-02,002742.SZ,SELL,3.93,1986
2022-08-02,002908.SZ,SELL,9.1,979
2022-08-02,600136.SH,SELL,2.15,4146
2022-08-02,600157.SH,SELL,1.68,5212
2022-08-02,600166.SH,SELL,2.92,2942
2022-08-02,600620.SH,SELL,10.94,720
2022-08-02,601339.SH,SELL,4.44,1985
2022-08-02,603067.SH,SELL,13.81,927
2022-08-02,603161.SH,SELL,8.7,1059
2022-08-02,603211.SH,BUY,16.51,562
2022-08-02,000581.SZ,BUY,17.22,1
2022-08-02,001258.SZ,BUY,6.99,1329
2022-08-02,603170.SH,BUY,27.78,304
2022-08-02,601728.SH,BUY,3.19,81
2022-08-02,600050.SH,BUY,3.06,124
2022-08-02,601766.SH,BUY,4.45,1889
2022-08-02,601163.SH,SELL,11.02,30
2022-08-02,002490.SZ,BUY,4.06,2050
2022-08-02,002382.SZ,BUY,8.21,1023
2022-08-02,600482.SH,BUY,16.38,524
2022-08-02,600089.SH,BUY,17.18,484
2022-08-02,600873.SH,BUY,9.66,866
2022-08-02,001336.SZ,BUY,35.89,235
2022-08-02,601616.SH,BUY,3.38,2479
2022-08-02,000566.SZ,BUY,4.28,1960
2022-08-02,600273.SH,BUY,8.29,1008
2022-08-02,603185.SH,BUY,114.48,72
2022-08-02,601615.SH,BUY,27.33,303
2022-08-02,603489.SH,BUY,89.84,92
2022-08-24,001336.SZ,SELL,30.42,235
2022-08-26,603170.SH,SELL,23.29,304
2022-08-29,603489.SH,SELL,73.58,92
2022-09-01,603185.SH,SELL,91.96,72
2022-09-02,000566.SZ,SELL,4.22,1960
2022-09-02,001258.SZ,SELL,15.62,1329
2022-09-02,002382.SZ,SELL,7.84,1023
2022-09-02,002490.SZ,SELL,3.9,2050
2022-09-02,600050.SH,SELL,3.17,2762
2022-09-02,600089.SH,SELL,17.33,484
2022-09-02,600273.SH,SELL,8.38,1008
2022-09-02,600482.SH,SELL,15.45,524
2022-09-02,601163.SH,SELL,10.55,768
2022-09-02,601615.SH,SELL,25.33,303
2022-09-02,601616.SH,SELL,3.21,2479
2022-09-02,601728.SH,SELL,3.25,2639
2022-09-02,601766.SH,SELL,4.5,1889
2022-09-02,603211.SH,SELL,15.76,562
2022-09-02,001222.SZ,BUY,28.17,297
2022-09-02,001330.SZ,BUY,13.57,618
2022-09-02,001236.SZ,BUY,12.42,679
2022-09-02,000581.SZ,BUY,16.23,39
2022-09-02,601727.SH,BUY,4.18,2040
2022-09-02,002972.SZ,BUY,10.68,799
2022-09-02,000725.SZ,BUY,3.49,2441
2022-09-02,600822.SH,BUY,7.73,1109
2022-09-02,003033.SZ,BUY,32.51,264
2022-09-02,000528.SZ,BUY,5.79,1480
2022-09-02,000697.SZ,BUY,6.6,1288
2022-09-02,603966.SH,BUY,7.72,1094
2022-09-02,600873.SH,BUY,9.06,72
2022-09-02,603185.SH,BUY,95.46,89
2022-09-02,000516.SZ,BUY,10.01,852
2022-09-02,601177.SH,BUY,8.51,1028
2022-09-02,002267.SZ,BUY,6.83,1253
2022-09-02,000927.SZ,BUY,2.74,3128
2022-09-02,603050.SH,BUY,6.93,1237
2022-09-02,002535.SZ,BUY,2.13,4004
2022-09-06,001330.SZ,SELL,11.01,618
2022-09-09,001222.SZ,SELL,23.05,297
2022-10-11,603050.SH,SELL,5.87,1237
2022-10-11,000516.SZ,SELL,9.6,852
2022-10-11,000528.SZ,SELL,5.33,1480
2022-10-11,000697.SZ,SELL,6.88,1288
2022-10-11,000725.SZ,SELL,3.17,2441
2022-10-11,000927.SZ,SELL,2.52,3128
2022-10-11,001236.SZ,SELL,12.04,679
2022-10-11,002267.SZ,SELL,6.99,1253
2022-10-11,002535.SZ,SELL,1.91,4004
2022-10-11,600822.SH,SELL,7.12,1109
2022-10-11,600873.SH,SELL,8.48,938
2022-10-11,601177.SH,SELL,7.46,1028
2022-10-11,601727.SH,SELL,3.82,2040
2022-10-11,603050.SH,SELL,5.87,1237
2022-10-11,603185.SH,SELL,96.79,89
2022-10-11,603966.SH,SELL,8.66,1094
2022-10-11,603057.SH,BUY,26.28,307
2022-10-11,000581.SZ,BUY,15.11,8
2022-10-11,001238.SZ,BUY,27.59,291
2022-10-11,002972.SZ,BUY,9.6,40
2022-10-11,002434.SZ,BUY,7.27,1135
2022-10-11,002900.SZ,BUY,10.26,771
2022-10-11,603268.SH,BUY,14.57,553
2022-10-11,003033.SZ,SELL,33.68,24
2022-10-11,603536.SH,BUY,6.11,1308
2022-10-11,603466.SH,BUY,9.16,886
2022-10-11,000526.SZ,BUY,13.39,604
2022-10-11,600648.SH,BUY,10.46,768
2022-10-11,002742.SZ,BUY,2.45,3201
2022-10-11,002081.SZ,BUY,4.14,1945
2022-10-11,600328.SH,BUY,10.44,782
2022-10-11,603679.SH,BUY,10.55,757
2022-10-11,605377.SH,BUY,8.41,976
2022-10-11,002021.SZ,BUY,1.4,5772
2022-10-11,002270.SZ,BUY,6.4,1255
2022-10-11,603725.SH,BUY,4.66,1724
2022-10-31,603057.SH,SELL,22.13,307
2022-11-02,000526.SZ,SELL,15.05,604
2022-11-02,000581.SZ,SELL,15.3,533
2022-11-02,001238.SZ,SELL,25.19,291
2022-11-02,002021.SZ,SELL,1.49,5772
2022-11-02,002081.SZ,SELL,4.16,1945
2022-11-02,002270.SZ,SELL,7.3,1255
2022-11-02,002434.SZ,SELL,7.24,1135
2022-11-02,002900.SZ,SELL,14.24,771
2022-11-02,002972.SZ,SELL,11.25,839
2022-11-02,003033.SZ,SELL,45.87,240
2022-11-02,600328.SH,SELL,9.88,782
2022-11-02,600648.SH,SELL,10.5,768
2022-11-02,603466.SH,SELL,11.22,886
2022-11-02,603679.SH,SELL,11.64,757
2022-11-02,603725.SH,SELL,4.84,1724
2022-11-02,605377.SH,SELL,9.21,976
2022-11-02,001269.SZ,BUY,58.27,154
2022-11-02,001322.SZ,BUY,12.98,647
2022-11-02,603685.SH,BUY,9.75,866
2022-11-02,601728.SH,BUY,3.53,2407
2022-11-02,000623.SZ,BUY,12.75,663
2022-11-02,600572.SH,BUY,3.83,2202
2022-11-02,001298.SZ,BUY,15.92,566
2022-11-02,000528.SZ,BUY,5.61,1508
2022-11-02,002313.SZ,BUY,5.17,1633
2022-11-02,600543.SH,BUY,5.36,1602
2022-11-02,603268.SH,BUY,14.43,35
2022-11-02,000927.SZ,BUY,2.56,3317
2022-11-02,600654.SH,BUY,2.46,3450
2022-11-02,002742.SZ,BUY,2.61,50
2022-11-02,603536.SH,BUY,6.32,32
2022-11-02,002427.SZ,BUY,6.98,1220
2022-11-02,002872.SZ,BUY,4.85,1751
2022-11-02,002774.SZ,BUY,5.8,1469
2022-11-02,000796.SZ,BUY,2.14,3931
2022-11-02,000538.SZ,BUY,48.59,174
2022-11-29,001298.SZ,SELL,13.23,566
2022-12-02,000528.SZ,SELL,5.89,1508
2022-12-02,000623.SZ,SELL,14.16,663
2022-12-02,000796.SZ,SELL,2.85,3931
2022-12-02,000927.SZ,SELL,3.0,3317
2022-12-02,001269.SZ,SELL,59.94,154
2022-12-02,001322.SZ,SELL,15.66,647
2022-12-02,002313.SZ,SELL,6.29,1633
2022-12-02,002427.SZ,SELL,7.56,1220
2022-12-02,002742.SZ,SELL,2.93,3251
2022-12-02,002774.SZ,SELL,6.0,1469
2022-12-02,002872.SZ,SELL,5.4,1751
2022-12-02,600543.SH,SELL,5.8,1602
2022-12-02,600572.SH,SELL,4.38,2202
2022-12-02,600654.SH,SELL,2.82,3450
2022-12-02,601728.SH,SELL,3.87,2407
2022-12-02,603268.SH,SELL,15.08,588
2022-12-02,603536.SH,SELL,7.2,1340
2022-12-02,001338.SZ,BUY,24.81,409
2022-12-02,000538.SZ,BUY,50.27,8
2022-12-02,603685.SH,BUY,10.01,60
2022-12-02,002241.SZ,BUY,17.3,530
2022-12-02,000697.SZ,BUY,7.32,1260
2022-12-02,600648.SH,BUY,11.53,822
2022-12-02,002355.SZ,BUY,4.65,1989
2022-12-02,002719.SZ,BUY,8.02,1140
2022-12-02,603360.SH,BUY,5.57,1660
2022-12-02,600330.SH,BUY,11.11,830
2022-12-02,000536.SZ,BUY,2.06,4468
2022-12-02,600987.SH,BUY,6.35,1461
2022-12-02,603327.SH,BUY,7.28,1271
2022-12-02,605058.SH,BUY,19.19,481
2022-12-02,603586.SH,BUY,13.27,701
2022-12-02,603599.SH,BUY,18.74,491
2022-12-02,603095.SH,BUY,10.92,843
2022-12-02,001308.SZ,BUY,25.35,364
2022-12-02,600396.SH,BUY,2.83,3245
2022-12-02,600285.SH,BUY,12.62,732
2022-12-20,001338.SZ,SELL,19.61,409
2023-01-04,000536.SZ,SELL,1.91,4468
2023-01-04,001308.SZ,SELL,25.0,364
2023-01-04,002241.SZ,SELL,16.84,530
2023-01-04,002719.SZ,SELL,16.75,1140
2023-01-04,600285.SH,SELL,12.07,732
2023-01-04,600330.SH,SELL,10.87,830
2023-01-04,600396.SH,SELL,2.88,3245
2023-01-04,603095.SH,SELL,10.07,843
2023-01-04,603327.SH,SELL,8.1,1271
2023-01-04,603360.SH,SELL,5.73,1660
2023-01-04,603586.SH,SELL,12.18,701
2023-01-04,603599.SH,SELL,18.98,491
2023-01-04,603685.SH,SELL,9.41,926
2023-01-04,605058.SH,SELL,18.14,481
2023-01-04,001301.SZ,BUY,68.12,151
2023-01-04,000538.SZ,BUY,48.26,12
2023-01-04,600998.SH,BUY,4.49,2089
2023-01-04,000697.SZ,BUY,6.92,93
2023-01-04,600848.SH,BUY,11.32,824
2023-01-04,600854.SH,BUY,4.25,2197
2023-01-04,002355.SZ,BUY,4.3,192
2023-01-04,600867.SH,BUY,8.59,1092
2023-01-04,603183.SH,BUY,4.55,2067
2023-01-04,600987.SH,BUY,6.31,22
2023-01-04,600509.SH,BUY,5.12,1835
2023-01-04,603815.SH,BUY,7.5,1248
2023-01-04,003008.SZ,BUY,17.5,536
2023-01-04,603660.SH,BUY,5.41,1733
2023-01-04,600538.SH,BUY,4.68,1995
2023-01-04,605088.SH,BUY,15.41,602
2023-01-04,600797.SH,BUY,6.02,1555
2023-01-04,000566.SZ,BUY,4.36,2151
2023-01-04,600648.SH,BUY,10.73,48
2023-01-04,002164.SZ,BUY,6.32,1472
2023-02-02,000538.SZ,SELL,50.89,194
2023-02-02,000566.SZ,SELL,4.47,2151
2023-02-02,001301.SZ,SELL,82.38,151
2023-02-02,002164.SZ,SELL,6.9,1472
2023-02-02,002355.SZ,SELL,4.66,2181
2023-02-02,003008.SZ,SELL,18.85,536
2023-02-02,600509.SH,SELL,5.73,1835
2023-02-02,600538.SH,SELL,4.84,1995
2023-02-02,600648.SH,SELL,10.92,870
2023-02-02,600797.SH,SELL,6.71,1555
2023-02-02,600848.SH,SELL,11.62,824
2023-02-02,600854.SH,SELL,4.5,2197
2023-02-02,600987.SH,SELL,6.7,1483
2023-02-02,600998.SH,SELL,4.42,2089
2023-02-02,603815.SH,SELL,7.88,1248
2023-02-02,605088.SH,SELL,18.73,602
2023-02-02,603173.SH,BUY,34.31,313
2023-02-02,600867.SH,SELL,9.19,8
2023-02-02,000697.SZ,BUY,6.86,85
2023-02-02,600654.SH,BUY,2.6,3773
2023-02-02,600726.SH,BUY,2.6,3773
2023-02-02,603887.SH,BUY,7.58,1304
2023-02-02,600739.SH,BUY,13.21,752
2023-02-02,000536.SZ,BUY,2.05,4875
2023-02-02,002387.SZ,BUY,6.35,1551
2023-02-02,603660.SH,SELL,5.79,14
2023-02-02,600569.SH,BUY,2.25,4416
2023-02-02,600307.SH,BUY,1.74,5660
2023-02-02,600117.SH,BUY,3.24,3030
2023-02-02,600622.SH,BUY,3.35,2940
2023-02-02,600743.SH,BUY,1.86,5267
2023-02-02,600589.SH,BUY,1.65,5981
2023-02-02,603183.SH,BUY,4.64,53
2023-02-02,601333.SH,BUY,2.12,4656
2023-02-02,002630.SZ,BUY,3.09,3197
2023-02-02,600715.SH,BUY,2.01,4926
2023-02-07,603173.SH,SELL,28.77,313
2023-03-02,000536.SZ,SELL,2.22,4875
2023-03-02,002387.SZ,SELL,6.7,1551
2023-03-02,002630.SZ,SELL,2.96,3197
2023-03-02,600569.SH,SELL,2.32,4416
2023-03-02,600589.SH,SELL,1.88,5981
2023-03-02,600622.SH,SELL,3.6,2940
2023-03-02,600715.SH,SELL,1.98,4926
2023-03-02,600739.SH,SELL,13.27,752
2023-03-02,600867.SH,SELL,10.46,1084
2023-03-02,601333.SH,SELL,2.22,4656
2023-03-02,603183.SH,SELL,4.67,2120
2023-03-02,603660.SH,SELL,7.76,1719
2023-03-02,603887.SH,SELL,8.55,1304
2023-03-02,001260.SZ,BUY,28.05,351
2023-03-02,603307.SH,BUY,66.26,149
2023-03-02,600455.SH,BUY,24.6,404
2023-03-02,002313.SZ,BUY,5.96,1671
2023-03-02,000697.SZ,BUY,6.32,138
2023-03-02,600726.SH,BUY,2.54,148
2023-03-02,600654.SH,BUY,2.45,292
2023-03-02,000415.SZ,BUY,2.3,4312
2023-03-02,600743.SH,BUY,1.86,88
2023-03-02,000903.SZ,BUY,2.73,3648
2023-03-02,002331.SZ,BUY,8.39,1176
2023-03-02,002376.SZ,BUY,7.08,1406
2023-03-02,600396.SH,BUY,2.53,3952
2023-03-02,002491.SZ,BUY,5.17,1934
2023-03-02,603699.SH,BUY,10.23,964
2023-03-02,603815.SH,BUY,7.84,1270
2023-03-02,600117.SH,BUY,3.17,102
2023-03-02,600601.SH,BUY,2.59,3921
2023-03-02,002020.SZ,BUY,12.51,793
2023-03-10,000697.SZ,SELL,6.09,1576
2023-03-15,603307.SH,SELL,55.21,149
2023-03-20,001260.SZ,SELL,23.45,351
2023-04-04,000903.SZ,SELL,2.53,3648
2023-04-04,002020.SZ,SELL,12.38,793
2023-04-04,002313.SZ,SELL,6.99,1671
2023-04-04,002491.SZ,SELL,6.43,1934
2023-04-04,600117.SH,SELL,2.9,3132
2023-04-04,600307.SH,SELL,1.63,5660
2023-04-04,600455.SH,SELL,24.78,404
2023-04-04,600726.SH,SELL,2.66,3921
2023-04-04,600743.SH,SELL,1.7,5355
2023-04-04,603699.SH,SELL,11.03,964
2023-04-04,603815.SH,SELL,7.42,1270
2023-04-04,603291.SH,BUY,14.49,754
2023-04-04,600959.SH,BUY,3.35,2971
2023-04-04,601019.SH,BUY,7.1,1400
2023-04-04,002376.SZ,SELL,7.51,86
2023-04-04,601921.SH,BUY,7.36,1345
2023-04-04,600775.SH,BUY,10.55,941
2023-04-04,600715.SH,BUY,2.19,4524
2023-04-04,000697.SZ,BUY,6.21,1602
2023-04-04,002331.SZ,BUY,7.91,81
2023-04-04,600654.SH,SELL,2.6,225
2023-04-04,000839.SZ,BUY,2.4,4143
2023-04-04,002490.SZ,BUY,4.5,2210
2023-04-04,603887.SH,BUY,8.51,1168
2023-04-04,600601.SH,SELL,2.54,5
2023-04-04,600396.SH,BUY,2.34,316
2023-04-04,002369.SZ,BUY,5.77,1723
2023-04-04,002793.SZ,BUY,7.2,1373
2023-04-04,600708.SH,BUY,2.24,4440
2023-04-04,002355.SZ,BUY,4.26,2340
2023-04-04,000415.SZ,BUY,2.12,379
2023-04-25,002331.SZ,SELL,6.83,1257
2023-04-25,002369.SZ,SELL,4.85,1723
2023-04-25,600396.SH,SELL,2.0,4268
2023-04-28,603291.SH,SELL,12.58,754
2023-05-05,000415.SZ,SELL,2.3,4691
2023-05-05,000697.SZ,SELL,6.28,1602
2023-05-05,002355.SZ,SELL,3.99,2340
2023-05-05,002376.SZ,SELL,6.95,1320
2023-05-05,002490.SZ,SELL,4.17,2210
2023-05-05,002793.SZ,SELL,7.1,1373
2023-05-05,600601.SH,SELL,2.73,3916
2023-05-05,600708.SH,SELL,2.24,4440
2023-05-05,600775.SH,SELL,9.56,941
2023-05-05,601921.SH,SELL,9.45,1345
2023-05-05,603887.SH,SELL,8.3,1168
2023-05-05,600455.SH,BUY,21.99,458
2023-05-05,600845.SH,BUY,34.67,289
2023-05-05,002180.SZ,BUY,38.75,260
2023-05-05,000839.SZ,BUY,2.28,260
2023-05-05,002584.SZ,BUY,6.25,1614
2023-05-05,603729.SH,BUY,14.73,683
2023-05-05,603990.SH,BUY,12.69,788
2023-05-05,002739.SZ,BUY,15.12,667
2023-05-05,000536.SZ,BUY,1.97,5119
2023-05-05,000793.SZ,BUY,2.77,3601
2023-05-05,600671.SH,BUY,7.88,1297
2023-05-05,600715.SH,SELL,2.35,255
2023-05-05,601019.SH,SELL,11.42,505
2023-05-05,002157.SZ,BUY,2.52,3805
2023-05-05,600936.SH,BUY,4.38,2292
2023-05-05,600959.SH,SELL,3.8,309
2023-05-05,600396.SH,BUY,2.11,4757
2023-05-05,002369.SZ,BUY,4.77,2118
2023-05-05,002622.SZ,BUY,3.3,3056
2023-05-05,600654.SH,SELL,2.79,225
2023-05-10,002584.SZ,SELL,4.99,1614
2023-05-12,002157.SZ,SELL,1.95,3805
2023-05-24,002739.SZ,SELL,13.06,667
2023-05-25,000793.SZ,SELL,2.32,3601
2023-05-30,000839.SZ,SELL,1.99,4403
2023-05-30,600715.SH,SELL,1.85,4269
2023-06-02,002369.SZ,SELL,5.47,2118
2023-06-02,002622.SZ,SELL,3.4,3056
2023-06-02,600396.SH,SELL,2.31,4757
2023-06-02,600455.SH,SELL,22.84,458
2023-06-02,600654.SH,SELL,2.54,3615
2023-06-02,600845.SH,SELL,35.34,289
2023-06-02,600959.SH,SELL,3.54,2662
2023-06-02,601019.SH,SELL,9.32,895
2023-06-02,603729.SH,SELL,14.88,683
2023-06-02,603990.SH,SELL,14.44,788
2023-06-02,002180.SZ,SELL,37.92,9
2023-06-02,600358.SH,BUY,5.34,1777
2023-06-02,600637.SH,BUY,7.95,1197
2023-06-02,000697.SZ,BUY,6.04,1568
2023-06-02,600671.SH,SELL,7.35,18
2023-06-02,600936.SH,BUY,4.1,16
2023-06-02,000752.SZ,BUY,4.05,2354
2023-06-02,002021.SZ,BUY,1.4,7138
2023-06-02,002114.SZ,BUY,6.47,1472
2023-06-02,000868.SZ,BUY,5.32,1774
2023-06-02,002197.SZ,BUY,11.22,868
2023-06-02,600715.SH,BUY,2.05,4522
2023-06-02,002298.SZ,BUY,6.48,1465
2023-06-02,000639.SZ,BUY,4.41,2181
2023-06-02,000839.SZ,BUY,2.01,4685
2023-06-02,000536.SZ,SELL,1.87,32
2023-06-02,002490.SZ,BUY,4.2,2275
2023-06-02,002383.SZ,BUY,6.45,1474
2023-06-02,600545.SH,BUY,2.38,3996
2023-06-02,002520.SZ,BUY,5.84,1628
2023-07-04,000639.SZ,SELL,4.69,2181
2023-07-04,000839.SZ,SELL,2.24,4685
2023-07-04,002021.SZ,SELL,1.77,7138
2023-07-04,002180.SZ,SELL,35.85,251
2023-07-04,002197.SZ,SELL,10.48,868
2023-07-04,002298.SZ,SELL,6.88,1465
2023-07-04,002383.SZ,SELL,6.57,1474
2023-07-04,002520.SZ,SELL,6.07,1628
2023-07-04,600545.SH,SELL,2.49,3996
2023-07-04,600637.SH,SELL,7.21,1197
2023-07-04,600715.SH,SELL,1.93,4522
2023-07-04,600936.SH,BUY,3.89,168
2023-07-04,600455.SH,BUY,22.8,420
2023-07-04,600358.SH,BUY,5.29,40
2023-07-04,000697.SZ,BUY,6.01,38
2023-07-04,000752.SZ,BUY,4.07,13
2023-07-04,600671.SH,SELL,7.9,59
2023-07-04,002551.SZ,BUY,3.87,2496
2023-07-04,600594.SH,BUY,5.2,1852
2023-07-04,000868.SZ,SELL,5.81,121
2023-07-04,603536.SH,BUY,6.63,1454
2023-07-04,002114.SZ,SELL,7.29,18
2023-07-04,000599.SZ,BUY,4.33,2225
2023-07-04,603669.SH,BUY,4.65,2063
2023-07-04,002622.SZ,BUY,3.23,2992
2023-07-04,002437.SZ,BUY,2.12,4544
2023-07-04,000536.SZ,BUY,1.85,177
2023-07-04,000572.SZ,BUY,4.34,2220
2023-07-04,002861.SZ,BUY,11.18,861
2023-07-04,600302.SH,BUY,5.31,1821
2023-07-04,002490.SZ,SELL,4.41,104
2023-08-02,000536.SZ,SELL,2.03,5264
2023-08-02,000572.SZ,SELL,5.58,2220
2023-08-02,000599.SZ,SELL,4.48,2225
2023-08-02,000752.SZ,SELL,5.76,2367
2023-08-02,002114.SZ,SELL,7.74,1454
2023-08-02,002437.SZ,SELL,2.23,4544
2023-08-02,002490.SZ,SELL,4.75,2171
2023-08-02,002551.SZ,SELL,4.14,2496
2023-08-02,002622.SZ,SELL,3.39,2992
2023-08-02,002861.SZ,SELL,11.78,861
2023-08-02,600302.SH,SELL,5.45,1821
2023-08-02,600594.SH,SELL,5.22,1852
2023-08-02,600671.SH,SELL,9.02,1220
2023-08-02,600936.SH,SELL,4.68,2476
2023-08-02,603536.SH,SELL,8.27,1454
2023-08-02,603669.SH,SELL,4.98,2063
2023-08-02,600358.SH,BUY,5.55,89
2023-08-02,000697.SZ,BUY,5.86,194
2023-08-02,000868.SZ,BUY,5.86,130
2023-08-02,000710.SZ,BUY,11.05,955
2023-08-02,600543.SH,BUY,5.55,1895
2023-08-02,002264.SZ,BUY,6.23,1690
2023-08-02,600303.SH,BUY,4.85,2159
2023-08-02,600455.SH,BUY,23.05,38
2023-08-02,603117.SH,BUY,3.54,2991
2023-08-02,002021.SZ,BUY,1.69,6220
2023-08-02,000639.SZ,BUY,4.83,2186
2023-08-02,600568.SH,BUY,1.74,6034
2023-08-02,002298.SZ,BUY,6.02,1757
2023-08-02,002189.SZ,BUY,16.19,649
2023-08-02,603237.SH,BUY,19.73,532
2023-08-02,600396.SH,BUY,2.52,4173
2023-08-02,002755.SZ,BUY,8.16,1291
2023-08-02,002520.SZ,BUY,5.75,1830
2023-08-02,600679.SH,BUY,8.86,1190
2023-08-02,002086.SZ,BUY,2.69,3925
2023-08-28,000697.SZ,SELL,5.09,1800
2023-08-28,000710.SZ,SELL,9.97,955
2023-09-01,002264.SZ,SELL,5.31,1690
2023-09-04,000639.SZ,SELL,4.45,2186
2023-09-04,000868.SZ,SELL,5.13,1783
2023-09-04,002021.SZ,SELL,1.72,6220
2023-09-04,002086.SZ,SELL,2.61,3925
2023-09-04,002520.SZ,SELL,5.38,1830
2023-09-04,002755.SZ,SELL,7.74,1291
2023-09-04,600303.SH,SELL,4.8,2159
2023-09-04,600358.SH,SELL,4.99,1906
2023-09-04,600396.SH,SELL,2.53,4173
2023-09-04,600543.SH,SELL,5.64,1895
2023-09-04,600568.SH,SELL,1.8,6034
2023-09-04,600679.SH,SELL,8.34,1190
2023-09-04,603117.SH,SELL,3.44,2991
2023-09-04,603237.SH,SELL,20.51,532
2023-09-04,600455.SH,SELL,23.66,30
2023-09-04,600648.SH,BUY,11.0,924
2023-09-04,000697.SZ,BUY,4.75,2123
2023-09-04,603602.SH,BUY,12.57,806
2023-09-04,603068.SH,BUY,26.89,377
2023-09-04,600936.SH,BUY,4.17,2428
2023-09-04,002313.SZ,BUY,6.72,1511
2023-09-04,002298.SZ,BUY,5.74,7
2023-09-04,000430.SZ,BUY,6.49,1560
2023-09-04,002189.SZ,BUY,15.36,10
2023-09-04,002692.SZ,BUY,3.57,2833
2023-09-04,603518.SH,BUY,8.82,1149
2023-09-04,002782.SZ,BUY,12.09,846
2023-09-04,002380.SZ,BUY,18.94,538
2023-09-04,603031.SH,BUY,31.28,321
2023-09-04,002685.SZ,BUY,3.5,2901
2023-09-04,600579.SH,BUY,7.26,1396
2023-09-04,002413.SZ,BUY,5.29,1914
2023-09-04,002442.SZ,BUY,4.92,2070
2023-09-04,002217.SZ,BUY,1.24,8177
2023-10-10,002189.SZ,SELL,15.97,659
2023-10-10,002217.SZ,SELL,1.46,8177
2023-10-10,002298.SZ,SELL,5.95,1764
2023-10-10,002313.SZ,SELL,7.34,1511
2023-10-10,002380.SZ,SELL,20.27,538
2023-10-10,002413.SZ,SELL,5.66,1914
2023-10-10,002442.SZ,SELL,4.87,2070
2023-10-10,002685.SZ,SELL,4.35,2901
2023-10-10,002692.SZ,SELL,3.5,2833
2023-10-10,600579.SH,SELL,7.07,1396
2023-10-10,600648.SH,SELL,10.65,924
2023-10-10,603068.SH,SELL,27.94,377
2023-10-10,603518.SH,SELL,8.02,1149
2023-10-10,600455.SH,BUY,23.17,16
2023-10-10,603602.SH,SELL,13.76,59
2023-10-10,000839.SZ,BUY,2.17,4735
2023-10-10,002174.SZ,BUY,11.41,904
2023-10-10,000697.SZ,BUY,4.76,23
2023-10-10,600936.SH,BUY,3.89,227
2023-10-10,600734.SH,BUY,3.74,2740
2023-10-10,000056.SZ,BUY,2.93,3507
2023-10-10,002124.SZ,BUY,4.01,2562
2023-10-10,603031.SH,BUY,30.84,12
2023-10-10,000430.SZ,BUY,5.86,198
2023-10-10,002741.SZ,BUY,14.22,722
2023-10-10,002712.SZ,BUY,5.57,1864
2023-10-10,002387.SZ,BUY,8.16,1279
2023-10-10,002123.SZ,BUY,14.67,700
2023-10-10,002354.SZ,BUY,5.25,1957
2023-10-10,600165.SH,BUY,1.56,6579
2023-10-10,002641.SZ,BUY,5.16,1979
2023-10-10,002296.SZ,BUY,7.49,1374
2023-10-10,002782.SZ,BUY,11.95,19
2023-10-24,000430.SZ,SELL,5.46,1758
2023-11-02,002123.SZ,SELL,15.45,700
2023-11-02,002174.SZ,SELL,11.07,904
2023-11-02,002296.SZ,SELL,7.89,1374
2023-11-02,002354.SZ,SELL,5.14,1957
2023-11-02,002387.SZ,SELL,10.81,1279
2023-11-02,002641.SZ,SELL,5.1,1979
2023-11-02,002712.SZ,SELL,5.53,1864
2023-11-02,002782.SZ,SELL,13.98,865
2023-11-02,600455.SH,SELL,23.17,444
2023-11-02,600734.SH,SELL,3.69,2740
2023-11-02,603602.SH,SELL,15.47,747
2023-11-02,603031.SH,BUY,30.69,8
2023-11-02,603991.SH,BUY,36.42,288
2023-11-02,000697.SZ,BUY,4.69,118
2023-11-02,000692.SZ,BUY,2.56,4109
2023-11-02,000839.SZ,BUY,2.23,50
2023-11-02,000430.SZ,BUY,5.82,1809
2023-11-02,600265.SH,BUY,17.06,615
2023-11-02,002124.SZ,BUY,3.99,51
2023-11-02,002741.SZ,BUY,14.1,16
2023-11-02,600165.SH,BUY,1.5,415
2023-11-02,600936.SH,BUY,3.76,132
2023-11-02,000665.SZ,BUY,4.9,2147
2023-11-02,603268.SH,BUY,17.2,609
2023-11-02,002214.SZ,BUY,11.88,879
2023-11-02,002306.SZ,BUY,3.89,2701
2023-11-02,000428.SZ,BUY,3.97,2639
2023-11-02,000889.SZ,BUY,1.85,5634
2023-11-02,600117.SH,BUY,3.21,3275
2023-11-02,002052.SZ,BUY,1.69,6238
2023-11-02,000056.SZ,SELL,3.02,48
2023-12-04,000056.SZ,SELL,4.16,3459
2023-12-04,000428.SZ,SELL,4.5,2639
2023-12-04,000430.SZ,SELL,6.04,1809
2023-12-04,000665.SZ,SELL,5.47,2147
2023-12-04,000697.SZ,SELL,5.74,2264
2023-12-04,000839.SZ,SELL,2.31,4785
2023-12-04,000889.SZ,SELL,2.0,5634
2023-12-04,002052.SZ,SELL,1.85,6238
2023-12-04,002214.SZ,SELL,12.12,879
2023-12-04,002306.SZ,SELL,4.05,2701
2023-12-04,002741.SZ,SELL,15.12,738
2023-12-04,600265.SH,SELL,17.97,615
2023-12-04,603031.SH,SELL,32.49,341
2023-12-04,603268.SH,SELL,16.67,609
2023-12-04,603991.SH,SELL,51.48,288
2023-12-04,600734.SH,BUY,3.74,3016
2023-12-04,000816.SZ,BUY,3.07,3662
2023-12-04,002124.SZ,BUY,3.83,317
2023-12-04,000692.SZ,BUY,2.68,100
2023-12-04,002157.SZ,BUY,2.62,4424
2023-12-04,600996.SH,BUY,10.41,1075
2023-12-04,002639.SZ,BUY,7.76,1451
2023-12-04,002105.SZ,BUY,6.38,1761
2023-12-04,603363.SH,BUY,2.65,4257
2023-12-04,600165.SH,BUY,1.52,472
2023-12-04,002567.SZ,BUY,6.69,1681
2023-12-04,600936.SH,SELL,4.12,48
2023-12-04,002376.SZ,BUY,7.53,1503
2023-12-04,600666.SH,BUY,2.16,5222
2023-12-04,603843.SH,BUY,3.76,3000
2023-12-04,002380.SZ,BUY,18.68,604
2023-12-04,000802.SZ,BUY,6.46,1740
2023-12-04,002470.SZ,BUY,1.8,6302
2023-12-04,600117.SH,BUY,3.08,387
2023-12-04,000796.SZ,BUY,2.05,5683
2023-12-22,603363.SH,SELL,2.11,4257
2023-12-26,600996.SH,SELL,8.96,1075
2024-01-03,000692.SZ,SELL,3.32,4209
2024-01-03,000796.SZ,SELL,3.95,5683
2024-01-03,000802.SZ,SELL,6.85,1740
2024-01-03,000816.SZ,SELL,3.02,3662
2024-01-03,002105.SZ,SELL,6.58,1761
2024-01-03,002157.SZ,SELL,2.63,4424
2024-01-03,002376.SZ,SELL,7.27,1503
2024-01-03,002470.SZ,SELL,1.76,6302
2024-01-03,002567.SZ,SELL,7.6,1681
2024-01-03,600117.SH,SELL,3.15,3662
2024-01-03,600666.SH,SELL,2.13,5222
2024-01-03,600734.SH,SELL,3.63,3016
2024-01-03,600936.SH,SELL,3.61,2739
2024-01-03,600637.SH,BUY,7.08,1638
2024-01-03,002027.SZ,BUY,5.46,2125
2024-01-03,600037.SH,BUY,7.64,1514
2024-01-03,603602.SH,BUY,14.57,791
2024-01-03,002264.SZ,BUY,5.54,2088
2024-01-03,002124.SZ,BUY,3.66,230
2024-01-03,002214.SZ,BUY,11.4,1010
2024-01-03,000860.SZ,BUY,20.35,567
2024-01-03,002426.SZ,BUY,2.32,4978
2024-01-03,600165.SH,BUY,1.45,547
2024-01-03,002380.SZ,BUY,16.98,75
2024-01-03,600996.SH,BUY,8.87,1303
2024-01-03,002741.SZ,BUY,14.7,789
2024-01-03,002639.SZ,SELL,7.9,15
2024-01-03,600289.SH,BUY,2.48,4658
2024-01-03,603843.SH,BUY,3.56,258
2024-01-03,603363.SH,BUY,2.02,5742
2024-01-03,002656.SZ,BUY,1.84,6304
2024-01-03,002171.SZ,BUY,7.35,1585
2024-01-03,601929.SH,BUY,1.79,6480
2024-01-09,002124.SZ,SELL,3.34,3160
2024-01-18,002380.SZ,SELL,15.52,679
2024-01-18,600165.SH,SELL,1.28,8013
2024-01-19,600289.SH,SELL,2.05,4658
2024-01-23,002171.SZ,SELL,5.96,1585
2024-01-23,002264.SZ,SELL,4.69,2088
2024-01-23,002639.SZ,SELL,6.5,1436
2024-01-23,002656.SZ,SELL,1.52,6304
2024-01-23,002741.SZ,SELL,12.12,789
2024-01-23,600996.SH,SELL,7.16,1303
2024-01-23,603363.SH,SELL,1.66,5742
2024-01-23,603602.SH,SELL,12.33,791
2024-01-23,603843.SH,SELL,2.94,3258
2024-01-31,002426.SZ,SELL,1.89,4978
2024-02-01,000860.SZ,SELL,16.54,567
2024-02-02,002214.SZ,SELL,10.96,1010
2024-02-02,600637.SH,SELL,6.4,1638
2024-02-02,601929.SH,SELL,1.58,6480
2024-02-02,603922.SH,BUY,16.69,606
2024-02-02,603602.SH,BUY,11.11,921
2024-02-02,600064.SH,BUY,5.49,1854
2024-02-02,603031.SH,BUY,27.24,371
2024-02-02,600265.SH,BUY,16.95,618
2024-02-02,002027.SZ,SELL,5.05,110
2024-02-02,000839.SZ,BUY,1.98,5111
2024-02-02,600996.SH,BUY,7.1,1438
2024-02-02,002124.SZ,BUY,2.97,3424
2024-02-02,002656.SZ,BUY,1.28,7946
2024-02-02,603223.SH,BUY,8.49,1201
2024-02-02,603001.SH,BUY,4.4,2284
2024-02-02,002639.SZ,BUY,6.05,1683
2024-02-02,600094.SH,BUY,2.82,3553
2024-02-02,002171.SZ,BUY,6.08,1673
2024-02-02,002425.SZ,BUY,3.41,3009
2024-02-02,600366.SH,BUY,5.51,1843
2024-02-02,600037.SH,BUY,6.67,13
2024-02-02,600165.SH,BUY,1.01,10096
2024-02-02,600289.SH,BUY,1.46,6604
2024-02-06,600037.SH,SELL,5.84,1527
2024-02-06,600165.SH,SELL,0.74,10096
2024-02-06,603602.SH,SELL,9.11,921
2024-02-07,002425.SZ,SELL,2.76,3009
2024-02-08,603001.SH,SELL,3.74,2284
2024-02-19,600289.SH,SELL,1.2,6604
2024-03-04,002027.SZ,SELL,5.61,2015
2024-03-04,002124.SZ,SELL,3.06,3424
2024-03-04,002171.SZ,SELL,6.75,1673
2024-03-04,002639.SZ,SELL,7.34,1683
2024-03-04,002656.SZ,SELL,1.68,7946
2024-03-04,600094.SH,SELL,2.86,3553
2024-03-04,600366.SH,SELL,6.12,1843
2024-03-04,600996.SH,SELL,8.47,1438
2024-03-04,603223.SH,SELL,8.58,1201
2024-03-04,603031.SH,SELL,28.72,19
2024-03-04,600265.SH,SELL,16.69,4
2024-03-04,603922.SH,SELL,17.57,26
2024-03-04,603237.SH,BUY,17.68,575
2024-03-04,603119.SH,BUY,18.55,537
2024-03-04,603125.SH,BUY,12.85,789
2024-03-04,002289.SZ,BUY,4.53,2250
2024-03-04,600064.SH,SELL,5.75,85
2024-03-04,000839.SZ,SELL,2.03,99
2024-03-04,002951.SZ,BUY,4.97,2059
2024-03-04,603255.SH,BUY,38.69,260
2024-03-04,600182.SH,BUY,11.98,848
2024-03-04,603579.SH,BUY,13.05,779
2024-03-04,002259.SZ,BUY,3.54,2957
2024-03-04,000008.SZ,BUY,2.17,4709
2024-03-04,600654.SH,BUY,2.42,4203
2024-03-04,600681.SH,BUY,3.36,3047
2024-03-04,605009.SH,BUY,25.3,402
2024-03-04,001267.SZ,BUY,4.15,2443
2024-03-04,002700.SZ,BUY,4.8,2136
2024-04-02,000008.SZ,SELL,2.47,4709
2024-04-02,001267.SZ,SELL,3.98,2443
2024-04-02,002951.SZ,SELL,6.11,2059
2024-04-02,600654.SH,SELL,2.78,4203
2024-04-02,600681.SH,SELL,3.31,3047
2024-04-02,603119.SH,SELL,19.85,537
2024-04-02,603255.SH,SELL,35.49,260
2024-04-02,603579.SH,SELL,14.12,779
2024-04-02,605009.SH,SELL,26.62,402
2024-04-02,600265.SH,BUY,16.89,4
2024-04-02,603922.SH,SELL,20.34,67
2024-04-02,000839.SZ,BUY,2.02,144
2024-04-02,600064.SH,BUY,5.78,27
2024-04-02,603125.SH,SELL,13.59,5
2024-04-02,002289.SZ,SELL,5.01,145
2024-04-02,603237.SH,SELL,18.33,7
2024-04-02,000889.SZ,BUY,1.73,5986
2024-04-02,002259.SZ,BUY,3.36,124
2024-04-02,603031.SH,SELL,32.66,33
2024-04-02,600182.SH,SELL,12.82,35
2024-04-02,002027.SZ,BUY,5.97,1746
2024-04-02,600289.SH,BUY,1.46,7134
2024-04-02,000731.SZ,BUY,6.38,1633
2024-04-02,000681.SZ,BUY,14.27,731
2024-04-02,603559.SH,BUY,4.78,2161
2024-04-02,002884.SZ,BUY,17.71,588
2024-04-02,002700.SZ,SELL,6.02,403
2024-04-02,600530.SH,BUY,2.27,4574
2024-04-02,603757.SH,BUY,21.21,491
2024-04-11,600289.SH,SELL,1.22,7134
2024-04-17,000681.SZ,SELL,12.1,731
2024-04-18,000889.SZ,SELL,1.42,5986
2024-04-19,603559.SH,SELL,3.84,2161
2024-04-22,002289.SZ,SELL,3.55,2105
2024-04-22,600530.SH,SELL,1.88,4574
2024-05-07,002259.SZ,SELL,3.16,3081
2024-05-07,002700.SZ,SELL,5.95,1733
2024-05-07,002884.SZ,SELL,20.11,588
2024-05-07,600064.SH,SELL,5.83,1796
2024-05-07,603031.SH,SELL,33.24,319
2024-05-07,603125.SH,SELL,14.08,784
2024-05-07,603237.SH,SELL,19.07,568
2024-05-07,002200.SZ,BUY,5.17,1930
2024-05-07,000889.SZ,BUY,1.52,6936
2024-05-07,600530.SH,BUY,2.02,4985
2024-05-07,003009.SZ,BUY,42.12,239
2024-05-07,603559.SH,BUY,3.85,2612
2024-05-07,603922.SH,SELL,19.95,7
2024-05-07,603255.SH,BUY,34.07,295
2024-05-07,600671.SH,BUY,8.59,1181
2024-05-07,000731.SZ,SELL,6.76,137
2024-05-07,002027.SZ,SELL,5.88,36
2024-05-07,001267.SZ,BUY,3.93,2555
2024-05-07,603757.SH,BUY,19.87,15
2024-05-07,002742.SZ,BUY,1.41,7054
2024-05-07,001225.SZ,BUY,31.69,318
2024-05-07,002808.SZ,BUY,2.34,4276
2024-05-07,600182.SH,SELL,13.96,91
2024-05-07,600265.SH,SELL,17.62,47
2024-05-07,000839.SZ,SELL,2.2,584
2024-05-07,002005.SZ,BUY,1.1,9313
2024-05-07,000681.SZ,BUY,13.79,734
2024-05-14,002742.SZ,SELL,1.1,7054
2024-05-31,002808.SZ,SELL,1.97,4276
2024-06-04,002005.SZ,SELL,0.93,9313
2024-06-04,000681.SZ,SELL,12.41,734
2024-06-04,000839.SZ,SELL,2.41,4572
2024-06-04,000889.SZ,SELL,2.06,6936
2024-06-04,001225.SZ,SELL,29.19,318
2024-06-04,001267.SZ,SELL,4.96,2555
2024-06-04,002005.SZ,SELL,0.93,9313
2024-06-04,002200.SZ,SELL,4.77,1930
2024-06-04,003009.SZ,SELL,41.75,239
2024-06-04,600182.SH,SELL,12.71,722
2024-06-04,600530.SH,SELL,2.51,4985
2024-06-04,600671.SH,SELL,8.22,1181
2024-06-04,603255.SH,SELL,31.22,295
2024-06-04,603559.SH,SELL,4.45,2612
2024-06-04,603757.SH,SELL,18.62,506
2024-06-04,600007.SH,BUY,21.68,457
2024-06-04,603922.SH,BUY,18.21,30
2024-06-04,600064.SH,BUY,5.73,1733
2024-06-04,001296.SZ,BUY,15.21,654
2024-06-04,600967.SH,BUY,7.47,1337
2024-06-04,002027.SZ,BUY,5.68,45
2024-06-04,600959.SH,BUY,2.79,3549
2024-06-04,600265.SH,BUY,17.26,5
2024-06-04,002742.SZ,BUY,0.88,10730
2024-06-04,002498.SZ,BUY,3.63,2745
2024-06-04,600496.SH,BUY,2.59,3848
2024-06-04,002052.SZ,BUY,0.98,9662
2024-06-04,000731.SZ,BUY,6.37,67
2024-06-04,002910.SZ,BUY,6.94,1429
2024-06-04,002650.SZ,BUY,1.91,5051
2024-06-04,002758.SZ,BUY,8.42,1174
2024-06-04,600381.SH,BUY,2.14,4423
2024-06-04,000506.SZ,BUY,1.56,6068
2024-06-04,600681.SH,BUY,3.28,3037
2024-06-04,600881.SH,BUY,1.05,9478
2024-06-12,000506.SZ,SELL,1.21,6068
2024-06-12,002052.SZ,SELL,0.84,9662
2024-06-12,002650.SZ,SELL,1.61,5051
2024-06-24,600265.SH,SELL,13.96,576
2024-06-24,600881.SH,SELL,0.84,9478
2024-07-02,000731.SZ,SELL,6.42,1563
2024-07-02,001296.SZ,SELL,14.01,654
2024-07-02,002498.SZ,SELL,3.29,2745
2024-07-02,002742.SZ,SELL,0.97,10730
2024-07-02,002758.SZ,SELL,7.88,1174
2024-07-02,600007.SH,SELL,21.77,457
2024-07-02,600064.SH,SELL,5.67,1733
2024-07-02,600959.SH,SELL,2.64,3549
2024-07-02,001225.SZ,BUY,26.67,347
2024-07-02,603922.SH,SELL,17.25,2
2024-07-02,600629.SH,BUY,4.38,2114
2024-07-02,600681.SH,SELL,3.08,34
2024-07-02,002027.SZ,SELL,5.69,129
2024-07-02,600967.SH,BUY,6.88,5
2024-07-02,600496.SH,SELL,2.46,66
2024-07-02,600284.SH,BUY,5.22,1782
2024-07-02,002910.SZ,BUY,6.25,59
2024-07-02,600381.SH,BUY,2.07,168
2024-07-02,002114.SZ,BUY,4.32,2137
2024-07-02,002667.SZ,BUY,4.8,1948
2024-07-02,002490.SZ,BUY,1.49,6267
2024-07-02,000908.SZ,BUY,0.72,12204
2024-07-02,600302.SH,BUY,3.44,2696
2024-07-02,600802.SH,BUY,2.8,3300
2024-07-02,002842.SZ,BUY,5.24,1770
2024-07-02,002808.SZ,BUY,1.54,5984
2024-07-02,002052.SZ,BUY,1.03,8919
2024-07-02,000929.SZ,BUY,6.15,1510
2024-07-11,002910.SZ,SELL,5.79,1488
2024-08-02,000908.SZ,SELL,2.22,12204
2024-08-02,001225.SZ,SELL,27.0,347
2024-08-02,002027.SZ,SELL,5.31,1626
2024-08-02,002052.SZ,SELL,1.39,8919
2024-08-02,002114.SZ,SELL,4.55,2137
2024-08-02,002490.SZ,SELL,2.07,6267
2024-08-02,002667.SZ,SELL,5.15,1948
2024-08-02,002808.SZ,SELL,1.75,5984
2024-08-02,002842.SZ,SELL,5.24,1770
2024-08-02,600284.SH,SELL,5.43,1782
2024-08-02,600302.SH,SELL,3.67,2696
2024-08-02,600381.SH,SELL,3.5,4591
2024-08-02,600496.SH,SELL,2.42,3782
2024-08-02,600629.SH,SELL,4.35,2114
2024-08-02,600681.SH,SELL,3.14,3003
2024-08-02,600967.SH,SELL,7.4,1342
2024-08-02,603922.SH,BUY,15.49,144
2024-08-02,603237.SH,BUY,14.86,710
2024-08-02,002298.SZ,BUY,4.05,2600
2024-08-02,603803.SH,BUY,6.08,1733
2024-08-02,603880.SH,BUY,3.54,3008
2024-08-02,600802.SH,BUY,2.81,418
2024-08-02,002369.SZ,BUY,3.56,2957
2024-08-02,603268.SH,BUY,13.29,783
2024-08-02,002022.SZ,BUY,5.51,1902
2024-08-02,600831.SH,BUY,2.11,4957
2024-08-02,000929.SZ,BUY,6.12,195
2024-08-02,002650.SZ,BUY,1.85,5616
2024-08-02,600538.SH,BUY,3.32,3171
2024-08-02,603660.SH,BUY,5.38,2003
2024-08-02,002403.SZ,BUY,6.61,1594
2024-08-02,603578.SH,BUY,11.23,933
2024-08-02,603990.SH,BUY,8.0,1305
2024-08-02,003009.SZ,BUY,41.7,258
2024-08-02,605069.SH,BUY,6.01,1742
2024-08-02,603626.SH,BUY,5.05,2078
2024-09-03,000929.SZ,SELL,5.71,1705
2024-09-03,002022.SZ,SELL,5.5,1902
2024-09-03,002369.SZ,SELL,4.68,2957
2024-09-03,002403.SZ,SELL,6.62,1594
2024-09-03,002650.SZ,SELL,2.21,5616
2024-09-03,003009.SZ,SELL,36.62,258
2024-09-03,600538.SH,SELL,3.17,3171
2024-09-03,600802.SH,SELL,2.74,3718
2024-09-03,603237.SH,SELL,16.8,710
2024-09-03,603268.SH,SELL,12.55,783
2024-09-03,603578.SH,SELL,10.66,933
2024-09-03,603626.SH,SELL,9.93,2078
2024-09-03,603880.SH,SELL,3.49,3008
2024-09-03,603990.SH,SELL,8.01,1305
2024-09-03,605069.SH,SELL,5.71,1742
2024-09-03,603922.SH,BUY,15.17,35
2024-09-03,603717.SH,BUY,5.42,2013
2024-09-03,002298.SZ,BUY,3.63,423
2024-09-03,603660.SH,BUY,4.8,270
2024-09-03,603356.SH,BUY,11.41,954
2024-09-03,000710.SZ,BUY,7.03,1548
2024-09-03,603982.SH,BUY,7.45,1478
2024-09-03,600159.SH,BUY,2.08,5272
2024-09-03,002712.SZ,BUY,3.53,3136
2024-09-03,600622.SH,BUY,1.68,6535
2024-09-03,603803.SH,BUY,5.53,244
2024-09-03,600303.SH,BUY,2.44,4472
2024-09-03,603089.SH,BUY,7.3,1488
2024-09-03,600238.SH,BUY,6.65,1643
2024-09-03,600408.SH,BUY,1.53,7179
2024-09-03,600831.SH,BUY,2.0,472
2024-09-03,000506.SZ,BUY,1.49,7685
2024-09-03,000802.SZ,BUY,4.8,2273
2024-09-03,603595.SH,BUY,15.71,694
2024-09-03,000952.SZ,BUY,4.93,2191
2024-09-19,000506.SZ,SELL,1.25,7685
2024-10-09,000710.SZ,SELL,9.16,1548
2024-10-09,000802.SZ,SELL,5.96,2273
2024-10-09,000952.SZ,SELL,5.97,2191
2024-10-09,002298.SZ,SELL,5.14,3023
2024-10-09,002712.SZ,SELL,4.8,3136
2024-10-09,600159.SH,SELL,2.78,5272
2024-10-09,600238.SH,SELL,8.4,1643
2024-10-09,600408.SH,SELL,1.99,7179
2024-10-09,600622.SH,SELL,2.6,6535
2024-10-09,600831.SH,SELL,2.33,5429
2024-10-09,603089.SH,SELL,8.73,1488
2024-10-09,603356.SH,SELL,13.3,954
2024-10-09,603595.SH,SELL,20.69,694
2024-10-09,603660.SH,SELL,6.78,2273
2024-10-09,603922.SH,SELL,17.96,713
2024-10-09,001225.SZ,BUY,32.36,408
2024-10-09,002719.SZ,BUY,7.01,1866
2024-10-09,600790.SH,BUY,3.74,3569
2024-10-09,603717.SH,BUY,6.16,154
2024-10-09,600568.SH,BUY,1.3,10258
2024-10-09,600303.SH,BUY,2.58,657
2024-10-09,603982.SH,SELL,9.28,55
2024-10-09,603803.SH,SELL,6.93,57
2024-10-09,002124.SZ,BUY,2.36,5622
2024-10-09,002548.SZ,BUY,4.3,3061
2024-10-09,002872.SZ,BUY,4.07,3293
2024-10-09,000889.SZ,BUY,1.85,7186
2024-10-09,603880.SH,BUY,4.35,3019
2024-10-09,002765.SZ,BUY,5.99,2189
2024-10-09,002234.SZ,BUY,9.26,1419
2024-10-09,000637.SZ,BUY,3.6,3671
2024-10-09,002842.SZ,BUY,6.45,2051
2024-10-09,601816.SH,BUY,5.73,2332
2024-10-09,601366.SH,BUY,5.86,2180
2024-10-09,000070.SZ,BUY,4.66,2835
2024-11-04,000889.SZ,SELL,2.18,7186
2024-11-04,001225.SZ,SELL,32.97,408
2024-11-04,002124.SZ,SELL,3.06,5622
2024-11-04,002234.SZ,SELL,8.39,1419
2024-11-04,002548.SZ,SELL,4.25,3061
2024-11-04,002719.SZ,SELL,8.53,1866
2024-11-04,002765.SZ,SELL,8.42,2189
2024-11-04,002842.SZ,SELL,6.68,2051
2024-11-04,002872.SZ,SELL,4.24,3293
2024-11-04,600303.SH,SELL,2.69,5129
2024-11-04,600568.SH,SELL,1.31,10258
2024-11-04,600790.SH,SELL,3.48,3569
2024-11-04,601366.SH,SELL,5.24,2180
2024-11-04,601816.SH,SELL,5.36,2332
2024-11-04,603717.SH,SELL,6.68,2167
2024-11-04,603803.SH,SELL,6.91,1920
2024-11-04,603880.SH,SELL,4.3,3019
2024-11-04,603982.SH,SELL,8.35,1423
2024-11-04,002528.SZ,BUY,2.86,4628
2024-11-04,600476.SH,BUY,16.3,845
2024-11-04,000409.SZ,BUY,8.9,1541
2024-11-04,002217.SZ,BUY,0.8,18016
2024-11-04,600654.SH,BUY,2.58,5264
2024-11-04,600271.SH,BUY,9.72,1429
2024-11-04,000637.SZ,BUY,3.7,97
2024-11-04,000070.SZ,SELL,5.44,290
2024-11-04,600289.SH,BUY,1.69,7792
2024-11-04,002298.SZ,BUY,4.75,2909
2024-11-04,600728.SH,BUY,4.59,3004
2024-11-04,002200.SZ,BUY,5.23,2638
2024-11-04,002316.SZ,BUY,3.11,4378
2024-11-04,603936.SH,BUY,8.59,1596
2024-11-04,600800.SH,BUY,2.6,5304
2024-11-04,603685.SH,BUY,11.72,1175
2024-11-04,000989.SZ,BUY,7.14,1965
2024-11-04,000809.SZ,BUY,2.28,6049
2024-11-04,603869.SH,BUY,5.48,2515
2024-11-04,600802.SH,BUY,4.48,3051
2024-12-03,000070.SZ,SELL,6.04,2545
2024-12-03,000409.SZ,SELL,10.51,1541
2024-12-03,000809.SZ,SELL,2.69,6049
2024-12-03,000989.SZ,SELL,7.42,1965
2024-12-03,002200.SZ,SELL,5.8,2638
2024-12-03,002217.SZ,SELL,0.96,18016
2024-12-03,002298.SZ,SELL,5.61,2909
2024-12-03,002316.SZ,SELL,3.39,4378
2024-12-03,002528.SZ,SELL,3.29,4628
2024-12-03,600271.SH,SELL,10.15,1429
2024-12-03,600476.SH,SELL,16.65,845
2024-12-03,600654.SH,SELL,3.94,5264
2024-12-03,600728.SH,SELL,5.26,3004
2024-12-03,600800.SH,SELL,3.84,5304
2024-12-03,600802.SH,SELL,4.27,3051
2024-12-03,603685.SH,SELL,13.34,1175
2024-12-03,603869.SH,SELL,6.36,2515
2024-12-03,603936.SH,BUY,8.9,150
2024-12-03,600715.SH,BUY,1.99,7861
2024-12-03,000637.SZ,BUY,4.15,34
2024-12-03,002313.SZ,BUY,8.92,1723
2024-12-03,603997.SH,BUY,12.29,1261
2024-12-03,002059.SZ,BUY,5.84,2656
2024-12-03,603707.SH,BUY,14.11,1102
2024-12-03,002197.SZ,BUY,4.71,3286
2024-12-03,000042.SZ,BUY,5.41,2862
2024-12-03,000889.SZ,BUY,2.68,6083
2024-12-03,000059.SZ,BUY,5.38,2883
2024-12-03,601098.SH,BUY,12.16,1275
2024-12-03,000761.SZ,BUY,3.6,4309
2024-12-03,000723.SZ,BUY,5.04,3077
2024-12-03,600941.SH,BUY,100.89,153
2024-12-03,000998.SZ,BUY,11.21,1379
2024-12-03,600289.SH,BUY,1.79,874
2024-12-03,600500.SH,BUY,4.35,3557
2024-12-03,600165.SH,BUY,0.83,18794
2024-12-03,002548.SZ,BUY,4.43,3501
2024-12-26,002197.SZ,SELL,4.01,3286
2024-12-31,000042.SZ,SELL,4.58,2862
2025-01-03,000723.SZ,SELL,4.38,3077
2025-01-03,000889.SZ,SELL,2.43,6083
2025-01-03,000998.SZ,SELL,10.79,1379
2025-01-03,002313.SZ,SELL,8.47,1723
2025-01-03,600165.SH,SELL,1.04,18794
2025-01-03,600500.SH,SELL,3.94,3557
2025-01-03,600715.SH,SELL,2.17,7861
2025-01-03,600941.SH,SELL,109.33,153
2025-01-03,601098.SH,SELL,14.03,1275
2025-01-03,603936.SH,SELL,7.79,1746
2025-01-03,603997.SH,SELL,11.32,1261
2025-01-03,002289.SZ,BUY,3.73,4014
2025-01-03,000698.SZ,BUY,3.34,4498
2025-01-03,600996.SH,BUY,8.27,1819
2025-01-03,000632.SZ,BUY,3.67,4069
2025-01-03,000059.SZ,BUY,4.63,347
2025-01-03,603559.SH,BUY,10.01,1567
2025-01-03,000637.SZ,BUY,3.73,245
2025-01-03,002091.SZ,BUY,6.8,2206
2025-01-03,000070.SZ,BUY,5.65,2643
2025-01-03,002059.SZ,BUY,5.52,64
2025-01-03,002214.SZ,BUY,11.72,1249
2025-01-03,603707.SH,BUY,12.87,59
2025-01-03,600058.SH,BUY,6.96,2149
2025-01-03,603626.SH,BUY,7.65,1954
2025-01-03,002092.SZ,BUY,4.3,3481
2025-01-03,600289.SH,SELL,1.79,322
2025-01-03,000761.SZ,BUY,3.15,432
2025-01-03,002548.SZ,BUY,3.94,289
2025-01-03,002234.SZ,BUY,8.79,1716
2025-01-03,002314.SZ,BUY,2.37,6328
2025-01-06,000059.SZ,SELL,4.48,3230
2025-01-07,002059.SZ,SELL,4.95,2720
2025-01-09,603707.SH,SELL,11.87,1161
2025-01-10,000761.SZ,SELL,3.0,4741
2025-01-10,603559.SH,SELL,8.34,1567
2025-02-06,002214.SZ,SELL,9.93,1249
2025-02-06,000070.SZ,SELL,5.66,2643
2025-02-06,000632.SZ,SELL,3.58,4069
2025-02-06,000637.SZ,SELL,3.67,4047
2025-02-06,000698.SZ,SELL,3.25,4498
2025-02-06,002091.SZ,SELL,6.68,2206
2025-02-06,002092.SZ,SELL,4.49,3481
2025-02-06,002214.SZ,SELL,9.93,1249
2025-02-06,002234.SZ,SELL,8.21,1716
2025-02-06,002289.SZ,SELL,3.97,4014
2025-02-06,002314.SZ,SELL,2.19,6328
2025-02-06,002548.SZ,SELL,3.89,3790
2025-02-06,600058.SH,SELL,6.91,2149
2025-02-06,600289.SH,SELL,3.17,8344
2025-02-06,603626.SH,SELL,7.98,1954
2025-02-06,600365.SH,BUY,2.62,5670
2025-02-06,603936.SH,BUY,7.82,1919
2025-02-06,000665.SZ,BUY,4.0,3714
2025-02-06,002872.SZ,BUY,3.61,4115
2025-02-06,000078.SZ,BUY,2.44,6088
2025-02-06,001330.SZ,BUY,5.06,2771
2025-02-06,600027.SH,BUY,4.91,3038
2025-02-06,002059.SZ,BUY,4.97,2977
2025-02-06,002678.SZ,BUY,4.5,3272
2025-02-06,603997.SH,BUY,11.8,1255
2025-02-06,603001.SH,BUY,4.94,3022
2025-02-06,000501.SZ,BUY,7.85,1890
2025-02-06,002419.SZ,BUY,4.71,3155
2025-02-06,002724.SZ,BUY,4.73,3138
2025-02-06,002022.SZ,BUY,5.77,2574
2025-02-06,002485.SZ,BUY,2.68,5543
2025-02-06,000998.SZ,BUY,10.33,1434
2025-02-06,000547.SZ,BUY,6.94,2134
2025-02-06,002446.SZ,BUY,5.9,2518
2025-03-04,000078.SZ,SELL,2.36,6088
2025-03-04,000501.SZ,SELL,8.23,1890
2025-03-04,000547.SZ,SELL,7.53,2134
2025-03-04,000665.SZ,SELL,4.18,3714
2025-03-04,000998.SZ,SELL,10.69,1434
2025-03-04,002022.SZ,SELL,5.95,2574
2025-03-04,002419.SZ,SELL,4.96,3155
2025-03-04,002446.SZ,SELL,6.17,2518
2025-03-04,002485.SZ,SELL,2.72,5543
2025-03-04,002678.SZ,SELL,4.78,3272
2025-03-04,002724.SZ,SELL,4.86,3138
2025-03-04,002872.SZ,SELL,3.72,4115
2025-03-04,600027.SH,SELL,5.32,3038
2025-03-04,600365.SH,SELL,2.69,5670
2025-03-04,600996.SH,SELL,9.59,1819
2025-03-04,603001.SH,SELL,4.84,3022
2025-03-04,603936.SH,SELL,9.0,1919
2025-03-04,603997.SH,SELL,10.91,1255
2025-03-04,000802.SZ,BUY,4.93,3087
2025-03-04,002214.SZ,BUY,10.5,2709
2025-03-04,002905.SZ,BUY,7.02,2178
2025-03-04,000632.SZ,BUY,3.41,4478
2025-03-04,603609.SH,BUY,7.52,2031
2025-03-04,600715.SH,BUY,1.99,7619
2025-03-04,001330.SZ,BUY,4.92,341
2025-03-04,002309.SZ,BUY,2.46,6053
2025-03-04,000517.SZ,BUY,1.97,7774
2025-03-04,000402.SZ,BUY,3.05,4988
2025-03-04,002146.SZ,BUY,1.55,9817
2025-03-04,002141.SZ,BUY,1.46,10418
2025-03-04,000401.SZ,BUY,4.71,3245
2025-03-04,002059.SZ,SELL,5.37,135
2025-03-04,002391.SZ,BUY,5.04,3032
2025-03-04,000680.SZ,BUY,9.58,1584
2025-03-04,601718.SH,BUY,2.63,5823
2025-03-04,000656.SZ,BUY,0.73,20836
2025-03-04,000639.SZ,BUY,3.14,4877
2025-03-04,000528.SZ,BUY,11.53,1325
2025-04-02,000401.SZ,SELL,4.92,3245
2025-04-02,000402.SZ,SELL,2.81,4988
2025-04-02,000517.SZ,SELL,1.95,7774
2025-04-02,000528.SZ,SELL,11.13,1325
2025-04-02,000632.SZ,SELL,3.34,4478
2025-04-02,000639.SZ,SELL,2.78,4877
2025-04-02,000656.SZ,SELL,0.68,20836
2025-04-02,000680.SZ,SELL,9.02,1584
2025-04-02,001330.SZ,SELL,4.51,3112
2025-04-02,002059.SZ,SELL,5.58,2842
2025-04-02,002141.SZ,SELL,1.73,10418
2025-04-02,002146.SZ,SELL,1.5,9817
2025-04-02,002214.SZ,SELL,10.17,1460
2025-04-02,002309.SZ,SELL,2.68,6053
2025-04-02,002391.SZ,SELL,5.02,3032
2025-04-02,002905.SZ,SELL,7.56,2178
2025-04-02,600715.SH,SELL,2.13,7619
2025-04-02,601718.SH,SELL,2.66,5823
2025-04-02,603609.SH,SELL,7.79,2031
2025-04-02,002279.SZ,BUY,6.47,2354
2025-04-02,002898.SZ,BUY,8.01,1896
2025-04-02,000547.SZ,BUY,7.34,2075
2025-04-02,002725.SZ,BUY,11.58,1315
2025-04-02,000001.SZ,BUY,10.68,1423
2025-04-02,002513.SZ,BUY,4.32,3525
2025-04-02,600642.SH,BUY,8.74,1739
2025-04-02,603906.SH,BUY,10.76,1415
2025-04-02,600548.SH,BUY,11.0,1382
2025-04-02,002915.SZ,BUY,12.91,1179
2025-04-02,002866.SZ,BUY,16.17,950
2025-04-02,002548.SZ,BUY,3.84,3987
2025-04-02,002678.SZ,BUY,4.4,3477
2025-04-02,603626.SH,BUY,8.01,1894
2025-04-02,601929.SH,BUY,1.84,8278
2025-04-02,002822.SZ,BUY,3.24,4706
2025-04-02,000637.SZ,BUY,3.54,4302
2025-04-02,002805.SZ,BUY,11.81,1283
2025-04-02,000802.SZ,BUY,4.65,181
2025-04-02,002628.SZ,BUY,4.14,3697
2025-04-08,000802.SZ,SELL,4.05,3268
2025-04-09,002725.SZ,SELL,9.13,1315
2025-04-09,002866.SZ,SELL,12.56,950
2025-04-09,002898.SZ,SELL,6.67,1896
2025-04-09,002915.SZ,SELL,10.58,1179
2025-04-09,603626.SH,SELL,6.56,1894
2025-04-09,603906.SH,SELL,8.75,1415
2025-05-07,000001.SZ,SELL,10.45,1423
2025-05-07,000547.SZ,SELL,7.05,2075
2025-05-07,000637.SZ,SELL,3.61,4302
2025-05-07,002279.SZ,SELL,6.79,2354
2025-05-07,002513.SZ,SELL,4.61,3525
2025-05-07,002548.SZ,SELL,3.82,3987
2025-05-07,002628.SZ,SELL,4.36,3697
2025-05-07,002678.SZ,SELL,4.45,3477
2025-05-07,002805.SZ,SELL,11.39,1283
2025-05-07,002822.SZ,SELL,3.25,4706
2025-05-07,600548.SH,SELL,10.94,1382
2025-05-07,600642.SH,SELL,8.42,1739
2025-05-07,601929.SH,SELL,1.81,8278
2025-05-07,002528.SZ,BUY,2.4,6046
2025-05-07,600287.SH,BUY,4.63,3082
2025-05-07,002388.SZ,BUY,3.74,3830
2025-05-07,002726.SZ,BUY,6.37,2230
2025-05-07,002872.SZ,BUY,4.05,3517
2025-05-07,002091.SZ,BUY,6.89,2082
2025-05-07,001201.SZ,BUY,14.61,975
2025-05-07,600798.SH,BUY,2.91,4905
2025-05-07,601588.SH,BUY,1.7,8408
2025-05-07,002592.SZ,BUY,5.32,2668
2025-05-07,600717.SH,BUY,4.39,3256
2025-05-07,001360.SZ,BUY,13.12,1087
2025-05-07,601878.SH,BUY,10.82,1349
2025-05-07,600557.SH,BUY,12.76,1118
2025-05-07,603681.SH,BUY,12.55,1144
2025-05-07,600805.SH,BUY,4.42,3226
2025-05-07,002641.SZ,BUY,4.06,3525
2025-05-07,600737.SH,BUY,8.98,1587
2025-05-07,603869.SH,BUY,5.98,2391
2025-05-07,000539.SZ,BUY,4.34,3280
2025-06-04,000539.SZ,SELL,4.99,3280
2025-06-04,001201.SZ,SELL,14.91,975
2025-06-04,001360.SZ,SELL,13.48,1087
2025-06-04,002091.SZ,SELL,6.96,2082
2025-06-04,002388.SZ,SELL,4.15,3830
2025-06-04,002528.SZ,SELL,2.52,6046
2025-06-04,002592.SZ,SELL,5.95,2668
2025-06-04,002641.SZ,SELL,4.08,3525
2025-06-04,002726.SZ,SELL,6.01,2230
2025-06-04,600287.SH,SELL,5.29,3082
2025-06-04,600557.SH,SELL,13.58,1118
2025-06-04,600717.SH,SELL,4.46,3256
2025-06-04,600737.SH,SELL,8.98,1587
2025-06-04,600798.SH,SELL,3.73,4905
2025-06-04,600805.SH,SELL,5.24,3226
2025-06-04,601588.SH,SELL,1.71,8408
2025-06-04,601878.SH,SELL,10.37,1349
2025-06-04,603681.SH,SELL,19.8,1144
2025-06-04,603869.SH,SELL,6.21,2391
2025-06-04,000517.SZ,BUY,1.85,8214
2025-06-04,002185.SZ,BUY,8.7,1748
2025-06-04,002872.SZ,BUY,4.26,58
2025-06-04,600266.SH,BUY,4.3,3537
2025-06-04,603398.SH,BUY,4.95,3039
2025-06-04,600223.SH,BUY,8.07,1882
2025-06-04,003004.SZ,BUY,19.49,779
2025-06-04,603378.SH,BUY,6.21,2459
2025-06-04,600383.SH,BUY,3.72,4096
2025-06-04,002845.SZ,BUY,13.06,1165
2025-06-04,601368.SH,BUY,4.77,3185
2025-06-04,002742.SZ,BUY,2.76,5474
2025-06-04,600248.SH,BUY,3.71,4093
2025-06-04,600642.SH,BUY,8.39,1808
2025-06-04,600080.SH,BUY,7.38,2060
2025-06-04,601169.SH,BUY,6.27,2423
2025-06-04,603977.SH,BUY,11.85,1280
2025-06-04,000425.SZ,BUY,7.88,1929
2025-06-04,002675.SZ,BUY,14.95,1017
2025-06-04,000547.SZ,BUY,7.39,2050
2025-07-02,000425.SZ,SELL,7.68,1929
2025-07-02,000517.SZ,SELL,1.8,8214
2025-07-02,000547.SZ,SELL,8.33,2050
2025-07-02,002185.SZ,SELL,10.45,1748
2025-07-02,002675.SZ,SELL,14.63,1017
2025-07-02,002742.SZ,SELL,3.12,5474
2025-07-02,002845.SZ,SELL,15.76,1165
2025-07-02,002872.SZ,SELL,4.8,3575
2025-07-02,003004.SZ,SELL,18.67,779
2025-07-02,600080.SH,SELL,7.17,2060
2025-07-02,600223.SH,SELL,8.23,1882
2025-07-02,600248.SH,SELL,3.72,4093
2025-07-02,600266.SH,SELL,4.49,3537
2025-07-02,600383.SH,SELL,3.73,4096
2025-07-02,600642.SH,SELL,8.2,1808
2025-07-02,601169.SH,SELL,6.79,2423
2025-07-02,601368.SH,SELL,4.87,3185
2025-07-02,603378.SH,SELL,6.05,2459
2025-07-02,603398.SH,SELL,5.72,3039
2025-07-02,603977.SH,SELL,12.43,1280
2025-07-02,002373.SZ,BUY,9.23,1668
2025-07-02,002114.SZ,BUY,7.1,2185
2025-07-02,002291.SZ,BUY,6.4,2405
2025-07-02,603937.SH,BUY,9.9,1572
2025-07-02,002405.SZ,BUY,8.42,1833
2025-07-02,603176.SH,BUY,4.83,3220
2025-07-02,002663.SZ,BUY,1.87,8285
2025-07-02,603356.SH,BUY,13.73,1135
2025-07-02,600511.SH,BUY,29.12,534
2025-07-02,002362.SZ,BUY,22.15,694
2025-07-02,000619.SZ,BUY,6.05,2560
2025-07-02,603185.SH,BUY,14.63,1059
2025-07-02,000545.SZ,BUY,2.77,5593
2025-07-02,002307.SZ,BUY,3.9,3962
2025-07-02,002090.SZ,BUY,9.79,1608
2025-07-02,603656.SH,BUY,18.98,831
2025-07-02,600810.SH,BUY,9.21,1673
2025-07-02,603917.SH,BUY,13.63,1137
2025-07-02,600851.SH,BUY,6.73,2287
2025-07-02,000952.SZ,BUY,6.35,2428
2025-08-04,000545.SZ,SELL,2.7,5593
2025-08-04,000619.SZ,SELL,6.23,2560
2025-08-04,000952.SZ,SELL,7.01,2428
2025-08-04,002090.SZ,SELL,9.79,1608
2025-08-04,002114.SZ,SELL,7.2,2185
2025-08-04,002291.SZ,SELL,6.65,2405
2025-08-04,002307.SZ,SELL,4.05,3962
2025-08-04,002362.SZ,SELL,25.34,694
2025-08-04,002373.SZ,SELL,10.88,1668
2025-08-04,002405.SZ,SELL,8.46,1833
2025-08-04,002663.SZ,SELL,1.82,8285
2025-08-04,600511.SH,SELL,29.7,534
2025-08-04,600810.SH,SELL,8.97,1673
2025-08-04,600851.SH,SELL,7.26,2287
2025-08-04,603176.SH,SELL,6.26,3220
2025-08-04,603185.SH,SELL,19.68,1059
2025-08-04,603356.SH,SELL,14.03,1135
2025-08-04,603656.SH,SELL,19.15,831
2025-08-04,603917.SH,SELL,13.13,1137
2025-08-04,603937.SH,SELL,10.24,1572
2025-08-04,002581.SZ,BUY,7.17,2270
2025-08-04,002742.SZ,BUY,3.26,5036
2025-08-04,000890.SZ,BUY,3.92,4171
2025-08-04,600381.SH,BUY,4.37,3751
2025-08-04,002431.SZ,BUY,2.29,7128
2025-08-04,603825.SH,BUY,12.01,1359
2025-08-04,002528.SZ,BUY,2.83,5712
2025-08-04,002569.SZ,BUY,9.19,1784
2025-08-04,002963.SZ,BUY,13.51,1212
2025-08-04,002856.SZ,BUY,11.77,1384
2025-08-04,600243.SH,BUY,3.17,5172
2025-08-04,002496.SZ,BUY,1.65,9876
2025-08-04,603377.SH,BUY,2.95,5557
2025-08-04,603359.SH,BUY,6.71,2342
2025-08-04,002529.SZ,BUY,6.17,2653
2025-08-04,003032.SZ,BUY,6.47,2530
2025-08-04,600568.SH,BUY,1.65,9936
2025-08-04,000972.SZ,BUY,3.22,5091
2025-08-04,600807.SH,BUY,3.12,5238
2025-08-04,600165.SH,BUY,1.75,9266
2025-09-01,603825.SH,SELL,9.58,1359
2025-09-02,000972.SZ,SELL,4.74,5091
2025-09-02,002431.SZ,SELL,2.56,7128
2025-09-02,002496.SZ,SELL,1.63,9876
2025-09-02,002528.SZ,SELL,2.94,5712
2025-09-02,002529.SZ,SELL,6.8,2653
2025-09-02,002581.SZ,SELL,7.7,2270
2025-09-02,003032.SZ,SELL,6.69,2530
2025-09-02,600243.SH,SELL,4.4,5172
2025-09-02,600381.SH,SELL,5.4,3751
2025-09-02,600568.SH,SELL,1.88,9936
2025-09-02,600807.SH,SELL,3.17,5238
2025-09-02,603359.SH,SELL,8.38,2342
2025-09-02,603377.SH,SELL,3.68,5557
2025-09-02,002742.SZ,BUY,2.82,1074
2025-09-02,002795.SZ,BUY,4.94,3512
2025-09-02,603982.SH,BUY,9.09,1921
2025-09-02,000890.SZ,BUY,4.01,208
2025-09-02,002193.SZ,BUY,5.9,2952
2025-09-02,002856.SZ,BUY,10.59,270
2025-09-02,002314.SZ,BUY,2.79,6232
2025-09-02,600165.SH,BUY,1.65,1294
2025-09-02,002963.SZ,BUY,13.15,115
2025-09-02,000802.SZ,BUY,4.81,3614
2025-09-02,002542.SZ,BUY,3.83,4539
2025-09-02,000566.SZ,BUY,6.01,2883
2025-09-02,002569.SZ,BUY,9.25,101
2025-09-02,600537.SH,BUY,3.73,4649
2025-09-02,605151.SH,BUY,19.85,873
2025-09-02,000504.SZ,BUY,9.27,1875
2025-09-02,600960.SH,BUY,4.64,3755
2025-09-02,601279.SH,BUY,4.14,4189
2025-09-02,002908.SZ,BUY,11.44,1517
2025-09-02,600791.SH,BUY,4.78,3660
2025-10-10,000504.SZ,SELL,9.06,1875
2025-10-10,000566.SZ,SELL,5.44,2883
2025-10-10,000802.SZ,SELL,4.41,3614
2025-10-10,000890.SZ,SELL,4.51,4379
2025-10-10,002193.SZ,SELL,5.74,2952
2025-10-10,002314.SZ,SELL,2.81,6232
2025-10-10,002542.SZ,SELL,3.65,4539
2025-10-10,002569.SZ,SELL,9.18,1885
2025-10-10,002795.SZ,SELL,4.95,3512
2025-10-10,002963.SZ,SELL,13.68,1327
2025-10-10,600791.SH,SELL,4.75,3660
2025-10-10,600960.SH,SELL,4.97,3755
2025-10-10,601279.SH,SELL,4.15,4189
2025-10-10,603982.SH,SELL,9.37,1921
2025-10-10,605151.SH,SELL,19.35,873
2025-10-10,000800.SZ,BUY,7.09,2418
2025-10-10,002775.SZ,BUY,4.25,4025
2025-10-10,600192.SH,BUY,9.5,1805
2025-10-10,000679.SZ,BUY,7.79,2198
2025-10-10,002401.SZ,BUY,17.56,976
2025-10-10,600405.SH,BUY,6.02,2848
2025-10-10,002742.SZ,SELL,2.93,227
2025-10-10,600579.SH,BUY,8.58,1998
2025-10-10,603602.SH,BUY,14.78,1164
2025-10-10,002634.SZ,BUY,4.92,3478
2025-10-10,600165.SH,BUY,1.59,301
2025-10-10,002323.SZ,BUY,1.74,9855
2025-10-10,603176.SH,BUY,6.05,2839
2025-10-10,002022.SZ,BUY,6.35,2700
2025-10-10,601633.SH,BUY,24.62,692
2025-10-10,000711.SZ,BUY,1.75,9798
2025-10-10,002047.SZ,BUY,2.28,7488
2025-10-10,002908.SZ,BUY,10.2,157
2025-10-10,002856.SZ,SELL,10.61,34
2025-10-10,600537.SH,SELL,3.95,340
2025-11-04,000679.SZ,SELL,9.05,2198
2025-11-04,000800.SZ,SELL,7.24,2418
2025-11-04,002047.SZ,SELL,3.39,7488
2025-11-04,002401.SZ,SELL,17.79,976
2025-11-04,002634.SZ,SELL,5.71,3478
2025-11-04,002775.SZ,SELL,4.55,4025
2025-11-04,002908.SZ,SELL,10.16,1674
2025-11-04,600192.SH,SELL,10.44,1805
2025-11-04,600537.SH,SELL,3.98,4309
2025-11-04,600579.SH,SELL,9.24,1998
2025-11-04,601633.SH,SELL,22.64,692
2025-11-04,603176.SH,SELL,6.03,2839
2025-11-04,603602.SH,SELL,15.09,1164
2025-11-04,600165.SH,BUY,1.61,147
2025-11-04,002742.SZ,SELL,3.08,137
2025-11-04,002581.SZ,BUY,8.3,2170
2025-11-04,603557.SH,BUY,2.25,7875
2025-11-04,605081.SH,BUY,10.82,1629
2025-11-04,603398.SH,BUY,8.2,2197
2025-11-04,002193.SZ,BUY,5.75,3106
2025-11-04,605398.SH,BUY,30.6,580
2025-11-04,002323.SZ,SELL,1.82,128
2025-11-04,002569.SZ,BUY,9.97,1790
2025-11-04,000656.SZ,BUY,1.38,12897
2025-11-04,000711.SZ,BUY,1.76,315
2025-11-04,002529.SZ,BUY,7.52,2363
2025-11-04,002856.SZ,SELL,11.51,72
2025-11-04,600405.SH,BUY,5.83,220
2025-11-04,002022.SZ,SELL,6.66,27
2025-11-04,000890.SZ,BUY,4.77,3731
2025-11-04,000031.SZ,BUY,2.96,6013
2025-11-04,600525.SH,BUY,3.53,5085
2025-11-04,600715.SH,BUY,2.62,6845
2025-12-02,000031.SZ,SELL,3.09,6013
2025-12-02,000656.SZ,SELL,1.48,12897
2025-12-02,000711.SZ,SELL,1.77,10113
2025-12-02,002022.SZ,SELL,6.66,2673
2025-12-02,002193.SZ,SELL,6.05,3106
2025-12-02,002323.SZ,SELL,1.81,9727
2025-12-02,002569.SZ,SELL,11.18,1790
2025-12-02,600525.SH,SELL,3.78,5085
2025-12-02,600715.SH,SELL,2.53,6845
2025-12-02,603398.SH,SELL,9.05,2197
2025-12-02,603557.SH,SELL,2.9,7875
2025-12-02,605398.SH,SELL,32.19,580
2025-12-02,000890.SZ,BUY,4.46,390
2025-12-02,600892.SH,BUY,3.84,4846
2025-12-02,603825.SH,BUY,9.46,1949
2025-12-02,600165.SH,SELL,1.69,128
2025-12-02,603213.SH,BUY,13.85,1333
2025-12-02,002529.SZ,BUY,7.28,183
2025-12-02,002742.SZ,BUY,3.06,288
2025-12-02,605081.SH,BUY,10.72,132
2025-12-02,002856.SZ,SELL,13.1,138
2025-12-02,002581.SZ,BUY,7.87,176
2025-12-02,600391.SH,BUY,27.06,682
2025-12-02,000004.SZ,BUY,12.43,1493
2025-12-02,600405.SH,BUY,5.51,301
2025-12-02,002524.SZ,BUY,4.65,3971
2025-12-02,002869.SZ,BUY,24.43,758
2025-12-02,600684.SH,BUY,4.76,3871
2025-12-02,002528.SZ,BUY,3.08,5975
2025-12-02,002168.SZ,BUY,3.91,4734
2025-12-02,000793.SZ,BUY,2.95,6280
2025-12-02,603839.SH,BUY,8.32,2214
2025-12-17,000004.SZ,SELL,10.36,1493
2025-12-18,600405.SH,SELL,5.05,3369
2026-01-06,000793.SZ,SELL,2.76,6280
2026-01-06,000890.SZ,SELL,5.09,4121
2026-01-06,002168.SZ,SELL,4.17,4734
2026-01-06,002581.SZ,SELL,7.5,2346
2026-01-06,002742.SZ,SELL,4.45,6034
2026-01-06,002869.SZ,SELL,23.6,758
2026-01-06,600165.SH,SELL,4.08,10880
2026-01-06,600391.SH,SELL,35.77,682
2026-01-06,600684.SH,SELL,4.33,3871
2026-01-06,603213.SH,SELL,13.15,1333
2026-01-06,603839.SH,SELL,8.26,2214
2026-01-06,605081.SH,SELL,10.58,1761
2026-01-06,002856.SZ,BUY,12.39,197
2026-01-06,600892.SH,BUY,3.66,541
2026-01-06,600405.SH,BUY,5.28,3714
2026-01-06,603825.SH,BUY,9.03,230
2026-01-06,002022.SZ,BUY,6.15,3193
2026-01-06,002529.SZ,BUY,7.12,204
2026-01-06,002524.SZ,BUY,4.23,687
2026-01-06,002822.SZ,BUY,3.91,5028
2026-01-06,603189.SH,BUY,19.65,1001
2026-01-06,600941.SH,BUY,100.58,194
2026-01-06,002193.SZ,BUY,5.22,3756
2026-01-06,002528.SZ,BUY,2.68,1315
2026-01-06,002789.SZ,BUY,10.45,1858
2026-01-06,603557.SH,BUY,2.55,7751
2026-01-06,002369.SZ,BUY,8.9,2196
2026-01-06,000815.SZ,BUY,11.41,1720
2026-01-06,000856.SZ,BUY,10.21,1930
2026-01-06,002279.SZ,BUY,8.22,2382
2026-01-06,002855.SZ,BUY,16.61,1182
2026-01-06,603959.SH,BUY,5.75,3428
2026-01-29,002528.SZ,SELL,2.31,7290
2026-02-03,000815.SZ,SELL,13.84,1720
2026-02-03,000856.SZ,SELL,11.59,1930
2026-02-03,002022.SZ,SELL,6.17,3193
2026-02-03,002193.SZ,SELL,6.58,3756
2026-02-03,002279.SZ,SELL,10.31,2382
2026-02-03,002369.SZ,SELL,8.2,2196
2026-02-03,002524.SZ,SELL,4.61,4658
2026-02-03,002789.SZ,SELL,10.08,1858
2026-02-03,600941.SH,SELL,92.66,194
2026-02-03,603189.SH,SELL,19.81,1001
2026-02-03,603959.SH,SELL,5.75,3428
2026-02-03,002742.SZ,BUY,4.0,4954
2026-02-03,002855.SZ,BUY,16.09,70
2026-02-03,600892.SH,SELL,3.91,305
2026-02-03,603825.SH,SELL,9.39,52
2026-02-03,600537.SH,BUY,3.37,5915
2026-02-03,000890.SZ,BUY,5.15,3893
2026-02-03,000802.SZ,BUY,4.6,4394
2026-02-03,600405.SH,BUY,5.35,53
2026-02-03,002528.SZ,BUY,2.34,8469
2026-02-03,600165.SH,BUY,3.77,5242
2026-02-03,600996.SH,BUY,8.79,2264
2026-02-03,002596.SZ,BUY,4.48,4493
2026-02-03,002529.SZ,BUY,6.8,164
2026-02-03,002822.SZ,BUY,3.51,650
2026-02-03,002888.SZ,BUY,21.19,938
2026-02-03,000566.SZ,BUY,6.22,3191
2026-02-03,002581.SZ,BUY,7.21,2756
2026-02-03,603557.SH,SELL,2.72,544
2026-02-03,603359.SH,BUY,6.69,2984
2026-02-03,002856.SZ,SELL,15.51,312
2026-03-03,000566.SZ,SELL,5.85,3191
2026-03-03,000802.SZ,SELL,4.29,4394
2026-03-03,000890.SZ,SELL,8.55,3893
2026-03-03,002528.SZ,SELL,2.91,8469
2026-03-03,002581.SZ,SELL,8.83,2756
2026-03-03,002855.SZ,SELL,14.35,1252
2026-03-03,002888.SZ,SELL,20.98,938
2026-03-03,600537.SH,SELL,3.37,5915
2026-03-03,600996.SH,SELL,8.26,2264
2026-03-03,603557.SH,SELL,3.55,7207
2026-03-03,002856.SZ,BUY,13.54,231
2026-03-03,600892.SH,BUY,3.78,384
2026-03-03,002742.SZ,SELL,4.33,134
2026-03-03,600405.SH,BUY,5.32,108
2026-03-03,603879.SH,BUY,6.18,3350
2026-03-03,603825.SH,BUY,9.12,148
2026-03-03,600936.SH,BUY,4.02,5116
2026-03-03,002789.SZ,BUY,10.33,2044
2026-03-03,002529.SZ,BUY,6.82,154
2026-03-03,002596.SZ,BUY,4.13,536
2026-03-03,600165.SH,BUY,3.83,167
2026-03-03,603933.SH,BUY,22.48,923
2026-03-03,002305.SZ,BUY,2.18,9527
2026-03-03,002168.SZ,BUY,3.99,5231
2026-03-03,605081.SH,BUY,10.32,1989
2026-03-03,600941.SH,BUY,95.67,217
2026-03-03,002822.SZ,BUY,3.44,377
2026-03-03,000516.SZ,BUY,4.67,4447
2026-03-03,603359.SH,BUY,6.79,75
2026-03-03,002449.SZ,BUY,8.53,2429
